,W,Psi
0,0.0,0.0
1,-0.003514881998154586,0.0
2,-0.005898945573203029,0.0
3,-0.012236000946703096,0.0
4,-0.013129248840129035,0.0
5,-0.0182781437678301,0.0
6,-0.025029921332023086,0.0
7,-0.023534611362235013,0.0
8,-0.021389399723139718,0.0
9,-0.02903254595114974,0.0
10,-0.032323404202630086,0.0
11,-0.033399901151578384,0.0
12,-0.039645958445345825,0.0
13,-0.037599057080238085,0.0
14,-0.03334213272849877,0.0
15,-0.03264365261922783,0.0
16,-0.04015916080896526,0.0
17,-0.04499668946449312,0.0
18,-0.04609462122690824,0.0
19,-0.04602481210438973,0.0
20,-0.046443713363929155,0.0
21,-0.04316378868388379,0.0
22,-0.03523972080114231,0.0
23,-0.03873785187660199,0.0
24,-0.039415272544021746,0.0
25,-0.039208649676716986,0.0
26,-0.038235532006332194,0.0
27,-0.040730524913169974,0.0
28,-0.038268576710971586,0.0
29,-0.02487477144333375,0.0
30,-0.0285982235131128,0.0
31,-0.02415980626080895,0.0
32,-0.023974109562198354,0.0
33,-0.018232975266739664,0.0
34,-0.018949387732898552,0.0
35,-0.014900395461723118,0.0
36,-0.009187610719129428,0.0
37,-0.008202451017073441,0.0
38,-0.003960198428562793,0.0
39,0.0,0.0
40,-0.0039546111730378595,0.0
41,-0.008505194918714133,0.0
42,-0.009742568067939283,0.0
43,-0.01512105218005568,0.0
44,-0.01909625338319166,0.0
45,-0.018955786462772666,0.0
46,-0.01784512406384616,0.0
47,-0.025267258176692304,0.0
48,-0.03357918552348804,0.0
49,-0.03268273596415279,0.0
50,-0.04119546412983889,0.0
51,-0.04326202361320727,0.0
52,-0.038096284870072314,0.0
53,-0.04560510666581448,0.0
54,-0.04213517307741929,0.0
55,-0.0479776869242614,0.0
56,-0.04413164549001403,0.0
57,-0.05600591131233263,0.0
58,-0.04655978445431212,0.0
59,-0.04412958821767212,0.0
60,-0.03506714316985961,0.0
61,-0.037673375402022355,0.0
62,-0.04035875972235075,0.0
63,-0.04145147439142672,0.0
64,-0.038168145395777564,0.0
65,-0.03227608065610318,0.0
66,-0.0365664903687507,0.0
67,-0.030932591440956,0.0
68,-0.03469335007107685,0.0
69,-0.02906689606987001,0.0
70,-0.03690053692797739,0.0
71,-0.022010197844234684,0.0
72,-0.023176434549402235,0.0
73,-0.015796495730207305,0.0
74,-0.014183033451073714,0.0
75,-0.012222063371023044,0.0
76,-0.007388169654803342,0.0
77,-0.004196179873225713,0.0
78,0.0,0.0
79,2824.245815922646,0.0
80,3118.536705015137,0.0
81,2403.4644744065686,0.0
82,3425.2674804385997,0.0
83,3172.205542021662,0.0
84,2813.2782304006737,0.0
85,2230.0488616578823,0.0
86,3321.812640519928,0.0
87,3166.9646240232028,0.0
88,2660.1394239471088,0.0
89,2271.816631509389,0.0
90,2537.777298353662,0.0
91,2997.966869435371,0.0
92,3059.0158769711707,0.0
93,2677.3159587706014,0.0
94,2916.135069482256,0.0
95,2714.9677086524384,0.0
96,2135.6203594923118,0.0
97,2399.3419929231477,0.0
98,2991.615002366579,0.0
99,2742.1734385215655,0.0
100,2717.624199553749,0.0
101,3249.1511726543076,0.0
102,2642.5897665045923,0.0
103,3415.5809148216113,0.0
104,3118.983524326908,0.0
105,2686.2024247248532,0.0
106,3139.630308045622,0.0
107,2277.6487523736932,0.0
108,2861.0778021631877,0.0
109,3211.709752314731,0.0
110,3225.442639047659,0.0
111,2584.5645818587554,0.0
112,2843.596464001481,0.0
113,2522.2798266737755,0.0
114,2887.0102957234712,0.0
115,2220.474525690609,0.0
116,2602.014437308539,0.0
117,0.0,0.0
118,-0.004448515795116589,0.0
119,-0.007789619021625496,0.0
120,-0.01058286340020892,0.0
121,-0.013031661974418674,0.0
122,-0.018465908088262005,0.0
123,-0.017862564909502783,0.0
124,-0.01960836116427785,0.0
125,-0.021720218490571153,0.0
126,-0.03051858785758469,0.0
127,-0.030875355498694433,0.0
128,-0.03459403907372105,0.0
129,-0.031133175409298025,0.0
130,-0.03562141536904861,0.0
131,-0.044951375195954345,0.0
132,-0.039202603524944625,0.0
133,-0.04080236284174409,0.0
134,-0.05117400164988341,0.0
135,-0.0416427769067491,0.0
136,-0.0498139218081014,0.0
137,-0.04685022178572506,0.0
138,-0.03369257328187693,0.0
139,-0.039837312140822104,0.0
140,-0.04018734132035738,0.0
141,-0.05287028914267254,0.0
142,-0.03927395252164123,0.0
143,-0.032690443903808125,0.0
144,-0.03525320182970253,0.0
145,-0.034211426987697094,0.0
146,-0.028883114221448392,0.0
147,-0.02652509834594568,0.0
148,-0.029919836659331015,0.0
149,-0.02323888627087357,0.0
150,-0.020694219584773802,0.0
151,-0.018552212453954223,0.0
152,-0.014563422555277598,0.0
153,-0.009874261142088944,0.0
154,-0.006454404804147222,0.0
155,-0.0038932427640362695,0.0
156,0.0,7.637104319138495e-06
157,-0.001569450697806693,3.527430779218499e-06
158,0.0,6.290299914438438e-06
159,0.0,5.893862244004489e-06
160,-0.0018637818557776587,2.4638970415912663e-06
161,0.0,4.300200242505933e-06
162,0.0,2.2805193477533232e-05
163,0.0,1.776067343299705e-05
164,0.0,1.9492818651985468e-05
165,0.0,2.7561853383381355e-05
166,0.0,2.1550248375767648e-05
167,0.0,2.4590842575725655e-05
168,-0.0032103653874352984,3.85214037376366e-06
169,0.0,7.394186101054906e-06
170,-0.003284442427121523,3.328333825076384e-06
171,-0.00039297441112001887,5.36046611301463e-06
172,0.0,1.0849365179058732e-05
173,0.0,2.984827615092001e-05
174,0.0,2.3461968609886747e-05
175,0.0,7.75506847348185e-06
176,-0.00030595865853401774,2.6114052963797916e-06
177,0.0,5.091884778446436e-06
178,0.0,3.2488383380074785e-06
179,0.0,3.425400317609622e-06
180,-0.0014640342507428923,1.5197010415109338e-06
181,0.0,2.87493342115822e-06
182,-0.0020059646281541596,1.7702785317383175e-06
183,-0.004920034356386418,5.414348518449807e-06
184,-0.0062081102679886506,4.335503663904434e-06
185,0.0,1.1020438299135035e-05
186,-0.003926572205096811,5.8870632552722035e-06
187,-0.002987311161879594,4.409863811867435e-06
188,0.0,8.464139131806215e-06
189,-0.004170775669695615,4.089982421477266e-06
190,0.0,9.50021074041736e-06
191,0.0,5.317286304381785e-06
192,0.0,4.2939316290089726e-06
193,0.0,2.6114212062671416e-06
194,0.0,2.94891021962117e-06
195,0.0,3.0595015835229772e-06
196,0.0,3.6743536447183533e-06
197,277.78279248173885,0.017755781509612826
198,0.0,3.664977609565563e-06
199,0.0,5.06972276614845e-06
200,0.0,7.3031032401777265e-06
201,0.0,7.80514206092272e-06
202,0.0,2.478520167612553e-06
203,0.0,2.9316280272474104e-06
204,-0.00028526787676618425,7.602931706574542e-06
205,-0.0021685260871854174,3.6158118165867328e-06
206,0.0,7.0928734701180146e-06
207,-0.0009243236173959456,6.569405590406156e-06
208,-0.004036419672731761,4.698107743176122e-06
209,0.0,9.950703438310657e-06
210,0.0,1.2009766521983461e-05
211,-0.005253436066161092,4.7142605080847e-06
212,-0.0016517292841351893,7.022135917855189e-06
213,-0.0005759311532340841,5.916862000094928e-07
214,-0.0008268032256613186,1.229483028004292e-06
215,-0.0036004842693613003,4.9244802004851705e-06
216,0.0,1.0547433329634886e-05
217,-0.0007577603131461013,7.3171233285412605e-06
218,-0.003777155055786368,4.412109950863403e-06
219,0.0,8.89684550318577e-06
220,0.0,8.554119759474943e-06
221,-0.004008589920802801,4.154517590663437e-06
222,-0.0029131664986924597,4.6729039912133875e-06
223,-0.003917988231663096,6.175610282109141e-06
224,-0.005250184811216983,5.012025987981091e-06
225,-0.0011130849669741363,3.507731916597241e-06
226,0.0,6.148577967194974e-06
227,-0.003336561463535821,2.505686032045926e-06
228,-0.00213678247253685,2.7375833592309708e-06
229,0.0,6.26533568983528e-06
230,0.0,4.018686579800372e-06
231,-0.002379336972704067,2.12443462049128e-06
232,-0.0008318352907273945,1.2418270891139802e-06
233,0.0,1.4174642206416116e-06
234,-0.0009252614714598401,5.349451709124999e-07
235,0.0,1.1846814453947955e-05
236,-0.0016238490453436693,7.201989047448415e-06
237,-0.0020805490781128097,1.7966193558126518e-06
238,0.0,1.3296016268225998e-05
239,-0.002779837849185364,7.017467957217773e-06
240,-0.0015923112052234137,8.101246957495827e-06
241,0.0,1.0166276809001418e-05
242,0.0,1.4544520337225498e-05
243,0.0,1.1664288952982222e-05
244,-0.007030460885139653,3.977094303656781e-06
245,-0.001636569121458877,6.145967059692607e-06
246,-0.00417082935684985,4.609796516327151e-06
247,0.0,1.0121786077531511e-05
248,0.0,1.254997346773602e-05
249,0.0,6.567747368794293e-06
250,0.0,5.393862705111714e-06
251,0.0,1.5346057459961795e-05
252,0.0,1.357328202842963e-05
253,0.0,1.990527657415701e-05
254,0.0,1.0051089104367537e-05
255,0.0,1.7259094762208922e-05
256,0.0,1.3595931402032423e-05
257,0.0,1.5284384706828142e-05
258,0.0,2.0938559451989748e-05
259,0.0,1.399111777409596e-05
260,0.0,1.5890612401846456e-05
261,0.0,9.144432788099869e-06
262,0.0,1.0042414107601481e-05
263,-0.0032685436129493445,3.328374655828639e-06
264,0.0,9.690132708821968e-06
265,0.0,1.3781292823559858e-05
266,0.0,1.259185728117655e-05
267,0.0,1.2922882166261158e-05
268,0.0,1.803616094339375e-05
269,0.0,1.5943381341084937e-05
270,0.0,9.476198157882097e-06
271,0.0,4.918162769522984e-06
272,0.0,7.492470103012035e-06
273,-0.001479443343632539,1.3988775759506026e-06
274,-0.0004057974681385115,6.380324728615076e-07
275,-0.00018660335420395463,1.4145580751596298e-06
276,0.0,1.5402382080619634e-06
277,0.0,1.90512114851386e-05
278,0.0,1.6098078388240574e-05
279,0.0,1.4910522749855668e-05
280,0.0,1.0061364677949299e-05
281,33.064543545696715,0.007346167366265896
282,0.0,1.1874558080672926e-05
283,0.0,7.553557315137626e-06
284,0.0,9.560632036973809e-06
285,0.0,1.6814117667238707e-05
286,0.0,1.3176877421819014e-05
287,0.0,1.3385304778585576e-05
288,0.0,1.284533391384157e-05
289,0.0,1.457175813348583e-05
290,0.0,2.5013238077191377e-05
291,0.0,2.1241093885825304e-05
292,0.0,3.112714033282832e-05
293,0.0,3.0313950853992693e-05
294,0.0,2.9572517321887538e-05
295,0.0,2.5699240155760993e-05
296,0.0,2.181240211117851e-05
297,-0.005160450373904615,4.1532408278733506e-06
298,0.0,2.6124628905734903e-05
299,0.0,2.434282542330611e-05
300,0.0,1.969256046216904e-05
301,0.0,2.4197992151606666e-05
302,0.0,2.815192776002505e-05
303,0.0,2.1211522723235388e-05
304,0.0,2.4375472928916057e-05
305,0.0,1.7574074846691824e-05
306,0.0,1.6569924325489863e-05
307,0.0,1.6715959031129154e-05
308,0.0,1.694971977681437e-05
309,0.0,1.951862355320527e-05
310,0.0,2.2072107846804778e-05
311,0.0,2.465116089403194e-05
312,0.0,2.7585436018520877e-05
313,0.0,2.979303033720274e-05
314,0.0,1.4765729173947095e-05
315,0.0,1.5112161477261426e-05
316,0.0,1.237264215155978e-05
317,0.0,1.8659717160829243e-05
318,0.0,2.2258579299720894e-05
319,0.0,1.3309777168622225e-05
320,0.0,1.2078672967809468e-05
321,0.0,1.6596682562358114e-05
322,0.0,1.1941984884082366e-05
323,0.0,1.2349463402206022e-05
324,0.0,2.9816536978615213e-05
325,0.0,3.0036766453138866e-05
326,0.0,2.6455675978844243e-05
327,0.0,2.978367959878701e-05
328,0.0,3.330996301119695e-05
329,0.0,1.853173601881984e-05
330,0.0,9.43056844159247e-06
331,0.0,1.3388025736614636e-05
332,0.0,1.1160117491314644e-05
333,0.0,1.3280213451933071e-05
334,0.0,1.666983923250441e-05
335,0.0,1.698112819795905e-05
336,0.0,1.2702043113518592e-05
337,0.0,1.066938748289753e-05
338,0.0,8.96638637503915e-06
339,0.0,1.0200097536064226e-05
340,0.0,1.187749663078179e-05
341,0.0,2.3536636232270393e-05
342,0.0,2.1937461174227486e-05
343,0.0,2.7382060630749536e-05
344,0.0,2.0339489380922907e-05
345,0.0,1.85678624574989e-05
346,0.0,1.825072832938767e-05
347,0.0,1.5859343817815552e-05
348,0.0,2.1126313591588776e-05
349,0.0,1.8763660344789534e-05
350,0.0,3.767959148511795e-05
351,0.0,4.073358732883264e-05
352,0.0,3.527092320594287e-05
353,0.0,4.3397638504926894e-05
354,0.0,4.9637819100959e-05
355,0.0,4.621209795355066e-05
356,0.0,2.4043614911818214e-05
357,0.0,2.4657819246960047e-05
358,0.0,2.9686787264732334e-05
359,0.0,4.3110691703913554e-05
360,0.0,4.574583573002778e-05
361,0.0,3.992244825966249e-05
362,0.0,3.8233231603222065e-05
363,0.0,3.4420474801189805e-05
364,0.0,4.033836613144206e-05
365,0.0,4.036044959150498e-05
366,0.0,3.626276120394737e-05
367,0.0,2.7836884511937583e-05
368,0.0,2.3950171381904236e-05
369,0.0,3.233882358738689e-05
370,0.0,3.2796211934663526e-05
371,0.0,3.975486606410623e-05
372,0.0,3.490759256583904e-05
373,0.0,3.6963562224889466e-05
374,0.0,1.6259065150512943e-05
375,0.0,3.598788214531537e-05
376,0.0,2.4348887079614074e-06
377,-0.0005327874652737601,2.2203821278593984e-07
378,0.0,2.643433431051322e-05
379,0.0,2.780654919520836e-05
380,0.0,3.2018368845822914e-05
381,0.0,4.90411107908495e-06
382,134.89073599205398,0.008162440800092978
383,0.0,1.847314162892712e-05
384,0.0,2.0229195047161845e-05
385,0.0,3.4156526580546734e-05
386,0.0,4.024587890772866e-05
387,0.0,4.973041950958885e-05
388,0.0,5.013911351614028e-05
389,0.0,5.48999931348167e-05
390,0.0,9.225919552471163e-06
391,0.0,8.967098091800965e-06
392,0.0,6.827697152747106e-06
393,0.0,2.4802888161406577e-05
394,0.0,4.64902507459873e-05
395,0.0,4.5576991020736156e-05
396,0.0,4.010324098399592e-05
397,0.0,3.463110694345555e-05
398,0.0,3.929162198353298e-05
399,0.0,1.1414810400784115e-05
400,0.0,1.7393427133253064e-05
401,0.0,1.439333340764493e-05
402,0.0,1.1319387950774729e-05
403,0.0,9.783629205180397e-06
404,0.0,5.302018430911801e-05
405,0.0,5.137773387854422e-05
406,0.0,1.2583896508321535e-05
407,0.0,6.318329308806645e-05
408,0.0,6.74144940338496e-05
409,0.0,6.502153235534503e-05
410,0.0,3.643769460548467e-05
411,0.0,3.5284397499005435e-05
412,0.0,3.2377863941661875e-05
413,0.0,3.67221872367237e-05
414,0.0,3.404535676166826e-05
415,0.0,3.19676667299917e-05
416,0.0,2.9457789494397137e-05
417,0.0,3.2587845399942384e-05
418,0.0,3.531455153472307e-05
419,0.0,1.8214203237979396e-05
420,-0.006381713973441631,4.221676127185948e-06
421,-0.004558370832111508,4.904333505790759e-06
422,267.6716142235719,0.014850704430468048
423,0.0,9.668113488804154e-05
424,0.0,9.775728714352693e-05
425,0.0,9.779352834488614e-05
426,0.0,9.452727607207645e-05
427,0.0,9.258003991359585e-05
428,0.0,9.206819493933135e-05
429,0.0,7.247753047352562e-05
430,0.0,7.687432055485124e-05
431,0.0,7.500611724640165e-05
432,0.0,4.898430011516257e-05
433,0.0,5.3507704644886786e-05
434,0.0,4.806102954461879e-05
435,0.0,6.974820817562775e-05
436,0.0,6.467975352879685e-05
437,0.0,6.71726577315706e-05
438,0.0,4.998910925024876e-05
439,0.0,5.1184927528323884e-05
440,0.0,5.5450994588805506e-05
441,0.0,7.193500211050367e-05
442,0.0,6.906990555793957e-05
443,0.0,6.681709770096535e-05
444,0.0,8.07506255640407e-05
445,0.0,7.760294920608303e-05
446,0.0,7.738022022332817e-05
447,0.0,1.967038257353845e-05
448,0.0,2.6009756061886954e-05
449,0.0,2.1273315108395036e-05
450,0.0,3.208561651577863e-05
451,0.0,3.0339227377375007e-05
452,0.0,2.5152897775028932e-05
453,0.0,2.212065380154332e-05
454,0.0,1.8608365924191422e-05
455,0.0,4.487381217160292e-05
456,0.0,4.5048646563929254e-05
457,0.0,4.941894787052817e-05
458,0.0,5.690832228768684e-05
459,0.0,5.845583240476016e-05
460,0.0,5.269530395792698e-05
461,0.0,2.4162507770728872e-05
462,0.0,1.944016760923472e-05
463,0.0,2.0949539969176528e-05
464,0.0,4.945436233809964e-06
465,0.0,7.899416403318876e-06
466,0.0,7.309962812800125e-06
467,0.0,5.0841456726420643e-05
468,0.0,5.088538371640152e-05
469,0.0,5.5934800776870564e-05
470,0.0,5.616752433954946e-05
471,0.0,5.5889762352519294e-05
472,0.0,6.521239226195318e-05
473,0.0,6.483519408740641e-05
474,0.0,5.958497227320896e-05
475,0.0,1.3136756606929653e-05
476,0.0,1.561782258767583e-05
477,0.0,1.710073646286891e-05
478,0.0,1.1416702893858432e-05
479,0.0,8.82730787505733e-06
480,0.0,1.1523937127549665e-05
481,0.0,4.5352811347128326e-05
482,0.0,4.7899975200781344e-05
483,0.0,4.20082461147235e-05
484,0.0,5.408535124135346e-05
485,0.0,4.825714230037608e-05
486,0.0,5.063350861400405e-05
487,0.0,1.308747364368213e-05
488,0.0,1.4676816546545695e-05
489,0.0,7.3669298417857584e-06
490,0.0,7.498241965140973e-06
491,0.0,4.939011636707706e-06
492,0.0,7.411352421851741e-06
493,0.0,7.217599792104312e-05
494,0.0,7.627128386454639e-05
495,0.0,7.272447391069025e-05
496,0.0,6.19404308231588e-05
497,0.0,5.789629791105561e-05
498,0.0,5.7193064876795335e-05
499,0.0,4.329389426191051e-05
500,0.0,3.696876494437122e-05
501,0.0,4.0544766600288494e-05
502,0.0,4.231122255115058e-05
503,0.0,4.8076897378075527e-05
504,0.0,5.4603932737673846e-05
505,0.0,5.891551709247568e-05
506,0.0,5.742102213849391e-05
507,0.0,4.9495319428739725e-05
508,0.0,5.214191003268342e-05
509,0.0,5.5771807249170035e-05
510,0.0,3.5782226543354494e-05
511,0.0,2.9880083612430376e-05
512,0.0,3.218610477910367e-05
513,0.0,2.4532808383902066e-05
514,0.0,2.352660191616766e-05
515,0.0,1.8743211796808722e-05
516,0.0,5.7608886635463e-05
517,0.0,5.219170463160314e-05
518,0.0,1.5638106808049867e-05
519,0.0,1.5347553323006365e-05
520,0.0,1.0467296478659141e-05
521,0.0,3.06760954472622e-05
522,0.0,2.871236595840042e-05
523,0.0,2.5616776685670978e-05
524,0.0,1.0096716841621703e-05
525,0.0,1.4514458739328811e-05
526,0.0,1.242357539031074e-05
527,0.0,7.018029422195127e-05
528,0.0,3.5638187950900476e-05
529,0.0,3.9266668378613414e-05
530,0.0,4.396523304025773e-06
531,0.0,6.624350523085446e-06
532,0.0,5.177561071741031e-06
533,0.0,9.758338146166794e-06
534,0.0,1.1751406164693148e-05
535,0.0,9.30073368543645e-06
536,0.0,2.9913785951700128e-05
537,0.0,3.699402761252021e-05
538,0.0,3.404741395893049e-05
539,0.0,2.9630646320825946e-05
540,0.0,2.7872332783506156e-05
541,0.0,3.4241192701212835e-05
542,0.0,3.432993317893396e-05
543,0.0,3.934821017283463e-05
544,0.0,3.7424968716480546e-05
545,0.0,2.720041942208153e-05
546,0.0,3.32684217683878e-05
547,0.0,2.9467300330296054e-05
548,0.0,1.705525027195941e-05
549,0.0,1.3607759382267958e-05
550,0.0,1.2572549693475072e-05
551,0.0,4.342030187176357e-05
552,0.0,4.5323236569113575e-05
553,0.0,4.9249799554519885e-05
554,0.0,1.825975100301443e-05
555,0.0,2.3950418269049305e-05
556,0.0,2.4632231892376575e-05
557,0.0,5.2907876636513916e-05
558,0.0,4.725339450299997e-05
559,0.0,3.2026087208205976e-05
560,0.0,3.703852801492968e-05
561,0.0,3.055146500928706e-05
562,0.0,3.7893336727834714e-05
563,0.0,3.2800633761466745e-05
564,0.0,3.363063076336621e-05
565,0.0,4.355450431393592e-05
566,0.0,4.471652478930813e-05
567,0.0,4.769440000413803e-05
568,0.0,2.8601912662950866e-05
569,0.0,2.7386232122291408e-05
570,0.0,2.449269034045332e-05
571,0.0,9.687775091548561e-05
572,0.0,9.56433440118987e-05
573,0.0,9.531544171435688e-05
574,0.0,9.725424057507169e-05
575,0.0,9.635539929709613e-05
576,0.0,9.801073717196763e-05
577,0.0,9.464384040674679e-05
578,0.0,8.274341882405792e-05
579,0.0,8.286880153581243e-05
580,0.0,8.60016912081471e-05
581,0.0,8.570568938356883e-05
582,0.0,8.258115806033804e-05
583,0.0,8.499222316478926e-05
584,0.0,2.2693356311151866e-05
585,0.0,1.935866720718098e-05
586,0.0,1.9425900503440354e-05
587,0.0,7.219166535972445e-06
588,0.0,6.136445096737337e-06
589,0.0,9.767406140522909e-06
590,0.0,3.555071209477584e-05
591,0.0,3.0977306113986933e-05
592,0.0,3.037661089132604e-05
593,0.0,3.737292910469542e-05
594,0.0,4.251996783659287e-05
595,0.0,3.9598742851365086e-05
596,0.0,1.9415867809573628e-05
597,0.0,2.2404805288104325e-05
598,0.0,2.3822591151524328e-05
599,0.0,6.0776896159980746e-05
600,0.0,6.489787850641957e-05
601,0.0,6.359639198585662e-05
602,0.0,9.099212322789349e-05
603,0.0,9.299995715064892e-05
604,0.0,9.091347362353738e-05
605,0.0,2.1382734377497452e-05
606,0.0,2.3452429831439124e-05
607,0.0,2.6083384447477987e-05
608,0.0,3.801490284549347e-05
609,0.0,3.419270047710091e-05
610,0.0,3.5756039575289966e-05
611,0.0,7.338433891184556e-05
612,0.0,6.88184150204884e-05
613,0.0,6.94429964197523e-05
614,0.0,2.0947920875759078e-05
615,0.0,2.065664885939883e-05
616,-0.003333761155724501,6.071971882003681e-06
617,0.0,1.0699413297737492e-05
618,0.0,1.3371864326237103e-05
619,0.0,3.455097120785169e-05
620,0.0,2.1202834736448824e-05
621,0.0,1.1459445216222192e-05
622,0.0,9.392593335834547e-06
623,0.0,9.183052544257697e-05
624,0.0,9.261110701204308e-05
625,0.0,9.434238687294949e-05
626,0.0,9.022518615979104e-05
627,0.0,8.985603944177633e-05
628,0.0,8.751449882158315e-05
629,0.0,2.2785181926195235e-05
630,0.0,1.2442237764552743e-05
631,0.0,1.2417568826596336e-05
632,-0.00322312267869408,6.093911229299738e-06
633,0.0,2.711527860099923e-05
634,0.0,3.396551729820381e-05
635,0.0,2.939826254815326e-05
636,0.0,1.2650949100382517e-05
637,0.0,1.8697417883347738e-05
638,0.0,1.904827175206083e-05
639,0.0,8.1299480386514e-05
640,0.0,8.019930994641744e-05
641,0.0,7.816933342060558e-05
642,0.0,7.95699264670705e-05
643,0.0,7.992211864170719e-05
644,0.0,8.26845444421493e-05
645,0.0,5.9352353804417564e-05
646,0.0,5.531657101320382e-05
647,0.0,5.540461087358561e-05
648,0.0,7.072096728480339e-05
649,0.0,6.698651457742136e-05
650,0.0,6.655511331263547e-05
651,0.0,6.897386959417474e-05
652,0.0,7.262732127798144e-05
653,0.0,7.169264867255678e-05
654,0.0,8.175182551273846e-05
655,0.0,7.72713910656824e-05
656,0.0,7.912013761349323e-05
657,0.0,3.7019168521724643e-05
658,0.0,7.068558574796931e-05
659,0.0,7.221972832862638e-05
660,0.0,6.783596585861272e-05
661,0.0,7.393127580697285e-05
662,0.0,7.102980847737928e-05
663,0.0,7.847380176512499e-05
664,0.0,8.190166418332601e-05
665,0.0,8.257500962134195e-05
666,0.0,2.8127810180006596e-05
667,0.0,2.078690639074069e-05
668,0.0,2.193522092282452e-05
669,0.0,4.8961720647948184e-05
670,0.0,5.4560619636059327e-05
671,0.0,6.712113385736944e-05
672,0.0,6.154059092934812e-05
673,0.0,6.598310231536099e-05
674,0.0,3.102660428768212e-05
675,0.0,3.286697539042985e-05
676,0.0,1.703981328760843e-05
677,0.0,1.3159906649602207e-05
678,0.0,1.7565757643562006e-05
679,0.0,7.933970674498086e-05
680,0.0,8.01533040740329e-05
681,0.0,8.292547438310734e-05
682,0.0,6.19857654002144e-05
683,0.0,6.420561778412773e-05
684,0.0,5.98839555824766e-05
685,0.0,3.5221328571124586e-05
686,0.0,3.4106821818997804e-05
687,0.0,3.123121481312186e-05
688,0.0,4.217302268631598e-05
689,0.0,4.150713480199685e-05
690,0.0,4.650049020185102e-05
691,0.0,2.990552597207452e-05
692,0.0,3.530462143591806e-05
693,0.0,3.230933606248562e-05
694,0.0,4.8553842394510736e-05
695,0.0,4.6994220839808305e-05
696,0.0,4.37722895399477e-05
697,0.0,4.169173223439925e-05
698,0.0,3.6731769388663034e-05
699,0.0,3.9045073827991385e-05
700,0.0,3.703789459678465e-05
701,0.0,4.088213919557512e-05
702,0.0,3.554329021599285e-05
703,0.0,2.8761318240974044e-05
704,0.0,2.481203631735356e-05
705,0.0,5.940697454841725e-05
706,0.0,2.0905358592323482e-05
707,0.0,2.1747143223889607e-05
708,0.0,2.6755836349489684e-05
709,0.0,3.165578679622814e-05
710,0.0,3.681434983865673e-05
711,0.0,3.32107472002885e-05
712,0.0,1.9743926816757103e-05
713,0.0,8.268665899126401e-05
714,0.0,8.484785544141368e-05
715,0.0,8.23899957341935e-05
716,0.0,9.653623876690556e-05
717,0.0,9.523071035637257e-05
718,0.0,9.731185735403682e-05
719,0.0,8.77487274191515e-05
720,0.0,8.469800810679774e-05
721,0.0,8.540023030426947e-05
722,0.0,7.734619678389849e-05
723,0.0,7.905137539812093e-05
724,0.0,7.479262523427116e-05
725,0.0,8.665493224249089e-05
726,0.0,8.421011457745073e-05
727,0.0,8.838166824193548e-05
728,0.0,6.072980045290675e-05
729,0.0,6.590865180160404e-05
730,0.0,6.379211570075062e-05
731,0.0,8.830793987844134e-05
732,0.0,8.551723680517564e-05
733,0.0,8.700571086409301e-05
734,0.0,9.379154706956127e-05
735,0.0,9.123789081735624e-05
736,0.0,2.163129572842954e-05
737,0.0,1.719233619543455e-05
738,0.0,2.029503916645082e-05
739,0.0,7.695016337572297e-05
740,0.0,7.340178111513024e-05
741,0.0,7.348364229142323e-05
742,0.0,4.62556288675937e-05
743,0.0,4.1772635375998796e-05
744,0.0,4.317810570249007e-05
745,-0.0035840810950217333,5.885033423535192e-06
746,0.0,1.233213124339193e-05
747,0.0,1.2301209285335696e-05
748,0.0,8.557910386203867e-05
749,0.0,8.298257275894054e-05
750,0.0,7.336883826464767e-05
751,0.0,7.68286732838977e-05
752,0.0,7.328879072565773e-05
753,0.0,2.0719460764330474e-05
754,0.0,2.073455853540036e-05
755,0.0,8.846587797739421e-06
756,0.0,1.2806366712546452e-05
757,0.0,1.2741817602253304e-05
758,0.0,4.706793006129281e-05
759,0.0,4.806426419630786e-05
760,0.0,4.346254327955673e-05
761,0.0,7.738410028364133e-05
762,0.0,8.012478111421139e-05
763,0.0,5.0503458846785485e-06
764,0.0,3.930741873183337e-06
765,-0.0018776622346047616,2.2616153969062973e-06
766,0.0,5.4363069308334084e-05
767,0.0,5.5311042973630886e-05
768,0.0,5.120223385304467e-05
769,0.0,1.566990063514975e-05
770,0.0,1.7262561606919354e-05
771,0.0,1.9497879243955515e-05
772,0.0,7.87115181071909e-06
773,-0.003324433814130377,6.783936921192618e-06
774,0.0,1.3078866499519522e-05
775,0.0,3.5548070141061754e-05
776,0.0,5.483216073459819e-05
777,0.0,5.2634233460048614e-05
778,0.0,4.9030953153121544e-05
779,0.0,6.167018374268463e-05
780,0.0,5.914804358218225e-05
781,0.0,5.7586976432412167e-05
782,0.0,4.5929082320021724e-05
783,0.0,4.107389829515493e-05
784,0.0,4.636006653681708e-05
785,0.0,8.144185965057168e-05
786,0.0,7.965605952532562e-05
787,0.0,6.70065835166125e-05
788,0.0,6.768888156328296e-05
789,0.0,6.348908082904759e-05
790,0.0,9.907293036940093e-06
791,0.0,5.677460839678741e-06
792,0.0,8.812978364544781e-06
793,0.0,7.501311368619774e-06
794,0.0,6.303068287834905e-05
795,0.0,5.928433621023978e-05
796,0.0,5.757872252256637e-05
797,0.0,9.732557114543228e-05
798,0.0,9.66537404724141e-05
799,0.0,9.783819940831044e-05
800,0.0,9.921977835619222e-05
801,0.0,9.939410060383019e-05
802,0.0,9.927919248077266e-05
803,0.0,3.188710167063198e-06
804,0.0,2.2107250185615226e-05
805,0.0,2.4123670395366464e-05
806,0.0,1.8502209167531575e-05
807,0.0,4.292387222893559e-05
808,0.0,6.113393194713006e-05
809,0.0,6.329187669312378e-05
810,0.0,6.562760707762308e-05
811,0.0,9.00827363057955e-05
812,0.0,8.722895387522674e-05
813,0.0,9.559204501976316e-05
814,0.0,8.746849284772053e-05
815,0.0,8.478855701734692e-05
816,0.0,8.424080200461914e-05
817,0.0,1.5369329109875862e-05
818,0.0,1.1219449795573077e-05
819,0.0,1.009887401963232e-05
820,0.0,1.4900678837571905e-05
821,0.0,2.040843628334998e-05
822,0.0,3.528303410959699e-05
823,0.0,4.150776595717315e-05
824,0.0,3.7900833954532926e-05
825,0.0,2.2955447162897056e-05
826,0.0,2.137663603120022e-05
827,0.0,1.8916611528932575e-05
828,0.0,1.2947347293281562e-05
829,0.0,1.940390474483171e-05
830,0.0,1.744562486820539e-05
831,0.0,1.930954768295006e-05
832,0.0,2.524564482401208e-05
833,0.0,1.939746761082918e-05
834,0.0,3.532318920764953e-05
835,0.0,3.2810647731406576e-05
836,0.0,3.1013161382937134e-05
837,0.0,5.892389038880546e-05
838,0.0,5.491837513907717e-05
839,0.0,5.528428425956772e-05
840,0.0,9.286628315770956e-05
841,0.0,9.264592117956925e-05
842,0.0,9.058190694683716e-05
843,0.0,5.601243222545468e-05
844,0.0,6.203033656769594e-05
845,0.0,4.228010494027826e-05
846,0.0,4.7655696457762064e-05
847,0.0,4.340531848505981e-05
848,0.0,3.226484309871383e-05
849,0.0,2.9193840778102003e-05
850,0.0,3.5604038446854614e-05
851,0.0,2.7984776422422854e-05
852,0.0,8.506563569922134e-05
853,0.0,8.31907198862342e-05
854,0.0,8.17852970391713e-05
855,0.0,1.8473476618454892e-05
856,0.0,1.5802012562915943e-05
857,0.0,1.9142802889558963e-05
858,0.0,1.5284804676097874e-05
859,0.0,1.1033287236108602e-05
860,0.0,1.4526098559604891e-05
861,0.0,8.484631937639342e-05
862,0.0,8.08128076736013e-05
863,0.0,8.327102069641875e-05
864,0.0,7.030688061798782e-05
865,0.0,6.59871527647573e-05
866,0.0,9.564965084972973e-05
867,0.0,9.703091590554353e-05
868,0.0,2.047603115852079e-06
869,0.0,3.701286567076779e-06
870,0.0,2.061179022086766e-06
871,0.0,4.661830854301836e-05
872,0.0,4.8192082390348804e-05
873,0.0,4.304712504135436e-05
874,0.0,1.0144546664260422e-05
875,0.0,9.924231113908371e-06
876,0.0,6.289769142952251e-06
877,0.0,2.3864771785757618e-05
878,0.0,2.1474149206511416e-05
879,0.0,1.8028158788329678e-05
880,0.0,5.734684637271951e-05
881,0.0,5.3104560403650594e-05
882,0.0,5.4791306858312575e-05
883,0.0,6.30871248810273e-05
884,0.0,6.565137325066636e-05
885,0.0,6.1010306001222164e-05
886,0.0,1.3565753097401558e-05
887,0.0,1.598265877343803e-05
888,0.0,1.159131529133887e-05
889,0.0,2.105203691359691e-05
890,0.0,2.1267256291122315e-05
891,0.0,2.481936917981414e-05
892,0.0,9.957884756487949e-06
893,0.0,1.6258179975263773e-05
894,0.0,1.2467789055495726e-05
895,0.0,5.067110709324415e-05
896,0.0,5.3905779162462204e-05
897,0.0,1.1135236549431253e-05
898,0.0,3.635876185572992e-05
899,0.0,3.5290726137893225e-05
900,0.0,2.9567313018175483e-05
901,0.0,2.5187091786820956e-05
902,0.0,2.3922204709442583e-05
903,0.0,7.926516308579936e-05
904,0.0,8.345256655321856e-05
905,0.0,7.634701478847908e-05
906,0.0,7.941811213796999e-05
907,0.0,7.559901691166865e-05
908,0.0,7.796632600162976e-05
909,0.0,7.680142171222846e-05
910,0.0,2.544974195840155e-05
911,0.0,2.9990294107764644e-05
912,0.0,1.8268576426215775e-06
913,0.0,1.25857711265863e-06
914,0.0,2.7239820889475685e-06
915,0.0,9.658441884328037e-05
916,0.0,9.76614482375551e-05
917,0.0,7.199174056371184e-05
918,0.0,1.3675454763180073e-05
919,0.0,1.7216221324788262e-05
920,0.0,1.2955591590649807e-05
921,0.0,3.3693484895394864e-05
922,0.0,3.454978870539234e-05
923,0.0,2.9545518790653736e-05
924,0.0,2.2790012978870552e-05
925,0.0,2.3809568986813633e-05
926,0.0,1.9227951377047916e-05
927,0.0,1.0741653672152128e-05
928,0.0,1.4166230819235503e-05
929,0.0,1.6890956940608927e-05
930,0.0,3.639494685101766e-05
931,0.0,3.882116169744873e-05
932,0.0,9.619917079703553e-06
933,-0.0007533561562224298,6.519450068961271e-06
934,-0.00246571699222264,4.393756766590671e-06
935,0.0,4.398153793879042e-05
936,0.0,4.697261484343266e-05
937,0.0,4.474653321318484e-05
938,0.0,4.5096920865932244e-05
939,0.0,9.431046894081619e-05
940,0.0,9.505728597948507e-05
941,0.0,9.597681898189424e-05
942,0.0,3.427433179574978e-05
943,0.0,1.7505588475816453e-05
944,0.0,1.1811274722990478e-05
945,0.0,8.303719872089734e-06
946,0.0,1.4624313577129528e-05
947,0.0,9.920211665573362e-06
948,0.0,1.1642600606737863e-05
949,0.0,9.72774958356332e-06
950,0.0,1.0179880851695455e-05
951,-0.0006984721975233358,4.923876857081266e-07
952,214.75087312337635,0.008675270027672247
953,0.0,1.1119719328151978e-06
954,0.0,6.677602236681426e-05
955,0.0,7.181200016421091e-05
956,0.0,7.125447743121974e-05
957,0.0,9.3294787406153e-05
958,0.0,9.071805025258112e-05
959,0.0,9.23597614684131e-05
960,0.0,7.1120192442345415e-06
961,0.0,7.164614453482257e-06
962,0.0,7.131622678670784e-06
963,0.0,4.3490103004216e-06
964,0.0,5.549078714517811e-06
965,0.0,1.6404121011805303e-05
966,0.0,2.2110939519177707e-05
967,0.0,1.8478658015098787e-05
968,0.0,4.138278375361641e-05
969,0.0,4.548633423307819e-05
970,0.0,4.161474502553413e-05
971,0.0,6.28849110871949e-05
972,0.0,5.8930379531178125e-05
973,0.0,6.29945533562992e-05
974,0.0,2.366938006907551e-05
975,0.0,2.4310486614597107e-05
976,0.0,1.8696245044544028e-05
977,0.0,4.6161647234296405e-05
978,0.0,4.994694860239903e-05
979,0.0,5.930464757964603e-05
980,0.0,5.961151328652291e-05
981,0.0,5.5346831370742135e-05
982,0.0,1.5016657164930705e-05
983,0.0,6.732071875794243e-05
984,0.0,5.399759076564672e-05
985,0.0,5.1692970750000586e-05
986,0.0,2.127786962144282e-05
987,0.0,1.8186221825721323e-05
988,0.0,2.2686062288764972e-05
989,0.0,4.220836021565257e-06
990,0.0,6.784665028832224e-06
991,0.0,8.489151046349954e-06
992,0.0,1.0928504673047809e-05
993,0.0,1.2774786565835336e-05
994,0.0,1.3951809764514522e-05
995,0.0,8.502462549906364e-06
996,0.0,9.914403020127538e-06
997,0.0,1.6257219119322723e-05
998,0.0,2.2764457818294767e-05
999,0.0,1.7522494057670256e-05
1000,-0.0038655248766661346,5.534244266506402e-06
1001,0.0,9.232208698475047e-06
1002,0.0,9.867902834871333e-06
1003,0.0,1.1177348664726517e-05
1004,0.0,6.411126487250944e-06
1005,0.0,3.7318935463483773e-06
1006,-0.0006095276495962929,3.3232125978391186e-07
1007,0.0,3.2997974588927393e-06
1008,0.0,3.6782122818730082e-06
1009,0.0,5.045969740954294e-06
1010,-0.0005591958695642673,4.747244258084314e-06
1011,-0.001863973392028582,2.975019261826533e-06
1012,0.0,7.760629636032279e-06
1013,0.0,6.853662747955943e-06
1014,0.0,1.8394315292279563e-05
1015,0.0,1.9980587908918625e-05
1016,0.0,1.4802430848834747e-05
1017,0.0,1.2087124295375082e-05
1018,0.0,1.7091093272200208e-05
1019,0.0,1.0589509002696279e-05
1020,-0.005730874105769366,5.023318967890117e-06
1021,0.0,1.5182822391672624e-05
1022,0.0,1.068769255427772e-05
1023,0.0,1.466086904495975e-05
1024,0.0,1.652610513309054e-05
1025,0.0,1.2118124981543847e-05
1026,0.0,1.6562842200521323e-05
1027,-0.0012503380061849093,3.960162827510141e-06
1028,-0.0005717227105787538,3.0531823019836144e-06
1029,0.0,4.672364029778137e-06
1030,-0.002648635450980858,1.9497945158608972e-06
1031,0.0,2.4215301993852013e-06
1032,0.0,5.770650923554751e-06
1033,0.0,4.453707032077107e-06
1034,0.0,6.800515814381148e-06
1035,0.0,6.897496382028325e-06
1036,238.7174022992308,0.01653501345681201
1037,87.27724611510497,0.006609306528077867
1038,0.0,8.08855166332927e-06
1039,0.0,6.068577090072147e-06
1040,0.0,1.8362249352168096e-05
1041,0.0,2.441608773592234e-05
1042,0.0,1.6963639566947793e-05
1043,277.74694837860847,0.018058382868190073
1044,323.1632389266607,0.014135122341427808
1045,0.0,1.1539148968593753e-05
1046,0.0,9.306995556528016e-06
1047,115.4518125478521,0.007401523880767431
1048,0.0,9.450793467264059e-06
1049,0.0,7.586785305319364e-06
1050,0.0,5.679291861626524e-06
1051,0.0,7.4935397427788035e-06
1052,0.0,2.5314083797520204e-06
1053,-0.0004910079322520495,2.4129717214446968e-06
1054,0.0,4.007125268788877e-06
1055,-0.003469125147193043,3.7534590534798494e-06
1056,0.0,1.2937394487466143e-05
1057,-0.004769755800490605,5.346649761095198e-06
1058,-0.005535090868956273,5.072605422092279e-06
1059,-0.004211288689810983,5.873585800151742e-06
1060,-0.005579472107533546,5.2374378618832775e-06
1061,-0.0035964316665469936,4.729846703855934e-06
1062,-0.003596228240758848,4.259860950530652e-06
1063,0.0,5.6215652539219206e-06
1064,-0.0012884963270660883,1.7490248627069569e-06
1065,-0.0031725012568146927,3.4678552287141933e-06
1066,-0.004607096843875127,2.9244849797697153e-06
1067,0.0,1.0461501076115728e-05
1068,0.0,1.1770654662431044e-05
1069,0.0,9.7472415843248e-06
1070,-0.0032352017884937283,4.143427930172053e-06
1071,0.0,5.839313720361608e-06
1072,0.0,3.8468605534154035e-06
1073,429.51448840778687,0.014616937481028356
1074,282.8745726559277,0.019047208689714337
1075,0.0,9.591776390053613e-06
1076,0.0,1.987371016437548e-05
1077,0.0,1.3344950134529757e-05
1078,0.0,1.5912296241007646e-05
1079,0.0,1.9936484637872057e-05
1080,0.0,1.9535048304650836e-05
1081,0.0,1.4337964014383035e-05
1082,345.94156345121706,0.01274518793491966
1083,242.11464583828524,0.019806221368737813
1084,0.0,9.251117974612857e-05
1085,0.0,9.468244521873358e-05
1086,0.0,9.249423867078035e-05
1087,0.0,9.316838776526394e-05
1088,0.0,4.742838338058194e-05
1089,0.0,5.059243185730093e-05
1090,0.0,5.2231270490453625e-05
1091,0.0,3.15038764201996e-05
1092,0.0,4.0146025103791175e-05
1093,0.0,3.860964004533284e-05
1094,0.0,6.750749555617664e-05
1095,0.0,6.611888705484616e-05
1096,0.0,6.974546520812786e-05
1097,0.0,3.555599501799162e-05
1098,0.0,2.988707903242738e-05
1099,0.0,3.5922214595672625e-05
1100,0.0,6.911405926373383e-05
1101,0.0,5.4676083874102104e-05
1102,0.0,6.355329385215452e-05
1103,0.0,6.643893227669836e-05
1104,0.0,7.967300653280176e-05
1105,0.0,8.315802542766879e-05
1106,0.0,8.307609998575957e-05
1107,0.0,3.0002776319901513e-05
1108,0.0,9.77155516848968e-06
1109,0.0,1.1511730467642905e-05
1110,0.0,4.8056678109645627e-05
1111,0.0,4.987599385871068e-05
1112,0.0,5.317912440769656e-05
1113,0.0,5.1079572881196396e-05
1114,0.0,8.762603772399562e-05
1115,0.0,8.803801847183441e-05
1116,0.0,8.988430650643282e-05
1117,0.0,9.135902071567369e-05
1118,0.0,8.87643441986529e-05
1119,0.0,2.1362777459490764e-05
1120,0.0,1.703891851692489e-05
1121,0.0,1.8522484154915747e-05
1122,0.0,2.3934782983335935e-05
1123,0.0,2.630641480910072e-05
1124,0.0,2.3037560650772874e-05
1125,0.0,1.8816356867192814e-05
1126,0.0,5.2218862687189785e-05
1127,0.0,1.9841842273676625e-05
1128,0.0,2.4963448292033288e-05
1129,0.0,2.0265752743431586e-05
1130,0.0,5.834071440506301e-05
1131,0.0,6.018166402808781e-05
1132,0.0,5.521481992943539e-05
1133,0.0,5.154194566274672e-05
1134,0.0,5.8074179170490496e-05
1135,0.0,5.313524522402343e-05
1136,0.0,5.366876343147349e-05
1137,0.0,2.804227030393711e-05
1138,0.0,2.5460972728308234e-05
1139,0.0,2.3952278925957388e-05
1140,0.0,1.8720103779262626e-05
1141,0.0,4.941756141541855e-05
1142,0.0,5.2023665968234044e-05
1143,0.0,5.3547096927272965e-05
1144,0.0,9.021842915475261e-05
1145,0.0,9.060882779158933e-05
1146,0.0,9.252700997098305e-05
1147,0.0,6.958350999083185e-05
1148,0.0,4.708124930488744e-05
1149,0.0,4.25189459706381e-05
1150,0.0,4.351581365573745e-05
1151,0.0,1.9430803527560575e-05
1152,0.0,2.226604695349815e-05
1153,0.0,8.625023823878465e-05
1154,0.0,8.849673522305786e-05
1155,0.0,8.946921844038506e-05
1156,0.0,3.8312315019302156e-05
1157,0.0,4.0120392299782213e-05
1158,0.0,5.0283910284514974e-05
1159,0.0,5.57140408426439e-05
1160,0.0,8.482735401004146e-05
1161,0.0,8.206928566671927e-05
1162,0.0,8.871953954084389e-05
1163,0.0,4.133499736561325e-05
1164,0.0,4.694642824503513e-05
1165,0.0,4.461218006790338e-05
1166,0.0,1.6798324014521547e-05
1167,0.0,6.225182925512997e-05
1168,0.0,6.19486334205382e-05
1169,0.0,6.46563773803379e-05
1170,0.0,5.838414022785693e-05
1171,0.0,6.192520390727782e-05
1172,0.0,5.728019193201093e-05
1173,0.0,5.503890908297083e-05
1174,0.0,4.099977080684754e-05
1175,0.0,3.5373094991339185e-05
1176,0.0,3.0512005129882323e-05
1177,0.0,4.716983349084324e-05
1178,0.0,5.286623019840644e-05
1179,0.0,4.949710367979914e-05
1180,0.0,6.16164535067074e-05
1181,0.0,5.779044945804716e-05
1182,0.0,6.280823338555802e-05
1183,0.0,9.89121284360286e-05
1184,0.0,9.367860083283262e-05
1185,0.0,9.169310603630089e-05
1186,0.0,4.250903329067774e-05
1187,0.0,3.059331344232729e-05
1188,0.0,3.632630838267426e-05
1189,0.0,3.1814686657781156e-05
1190,0.0,1.8928409476264706e-05
1191,0.0,1.5936979121755822e-05
1192,0.0,2.001784461365827e-05
1193,0.0,2.6861851150011816e-05
1194,0.0,2.4805860648701656e-05
1195,0.0,3.270263024344387e-05
1196,0.0,2.749447829297351e-05
1197,0.0,2.1173088755112985e-05
1198,0.0,2.069140606359615e-05
1199,0.0,1.699151438104358e-05
1200,0.0,1.7638831659122384e-05
1201,0.0,2.1473410517280647e-05
1202,0.0,1.9240092882606353e-05
1203,0.0,1.4652855952055018e-05
1204,0.0,1.7116183580992906e-05
1205,0.0,9.626330062251917e-05
1206,0.0,9.474155635229718e-05
1207,0.0,9.430036533937988e-05
1208,0.0,6.737077202935935e-05
1209,0.0,6.457222210491163e-05
1210,0.0,6.379161563925313e-05
1211,0.0,6.347530437899041e-05
1212,0.0,5.957440118271465e-05
1213,0.0,7.640458363098586e-05
1214,0.0,4.137308383829682e-05
1215,0.0,4.39723291812488e-05
1216,0.0,4.030236021963793e-05
1217,0.0,3.266911318409107e-05
1218,0.0,3.115011929312383e-05
1219,0.0,3.559996254294358e-06
1220,0.0,5.9624654154880096e-05
1221,0.0,5.9157660683112714e-05
1222,0.0,5.5501544960967136e-05
1223,0.0,5.6891863272884385e-05
1224,0.0,5.806492071924361e-05
1225,0.0,6.090089707695983e-05
1226,0.0,8.10711476790607e-05
1227,0.0,8.44056623890417e-05
1228,0.0,9.763904729648805e-06
1229,0.0,1.0243332771201077e-05
1230,0.0,1.2815061393265944e-05
1231,0.0,6.373228667333334e-05
1232,0.0,6.302262234199419e-05
1233,0.0,6.818900811878077e-05
1234,0.0,7.182552843258839e-05
1235,0.0,9.042323656240493e-05
1236,0.0,8.790130576423266e-05
1237,0.0,6.527522146027974e-05
1238,0.0,7.038643630426972e-05
1239,0.0,6.79498498570084e-05
1240,0.0,1.793567849830568e-05
1241,0.0,2.5446605371630706e-05
1242,0.0,2.3528154008093915e-05
1243,0.0,5.725312716731927e-05
1244,0.0,5.958405923630212e-05
1245,0.0,5.8050159807095835e-05
1246,0.0,5.565264678604904e-05
1247,0.0,5.984597888860995e-05
1248,0.0,5.445611343127069e-05
1249,0.0,5.615970356658568e-05
1250,0.0,3.9281779405600754e-05
1251,0.0,6.0033490793696034e-05
1252,0.0,6.399365450022085e-05
1253,0.0,6.0961550408891954e-05
1254,0.0,6.155003846178486e-05
1255,0.0,6.51534915553877e-05
1256,0.0,5.5426412536480665e-05
1257,0.0,6.23626808556992e-05
1258,0.0,5.833843782379232e-05
1259,0.0,5.8508153427920104e-05
1260,0.0,9.580552879653318e-05
1261,0.0,9.675915172085261e-05
1262,0.0,9.486171229341369e-05
1263,0.0,8.680914509724978e-05
1264,0.0,8.972596672407632e-05
1265,0.0,8.801275646659214e-05
1266,0.0,9.272251651150033e-05
1267,0.0,9.44954846021097e-05
1268,0.0,7.602300083122753e-05
1269,0.0,7.938125011556455e-05
1270,0.0,1.758816980171011e-05
1271,0.0,1.420781479788944e-05
1272,0.0,1.2068135823100612e-05
1273,0.0,1.384562827373471e-05
1274,0.0,1.0234765096946617e-05
1275,0.0,1.6611650326600365e-05
1276,0.0,8.582311654017352e-05
1277,0.0,8.34359306292106e-05
1278,0.0,8.690652233206279e-05
1279,0.0,9.48973418237574e-05
1280,0.0,9.301242243035346e-05
1281,0.0,9.393539309472883e-05
1282,0.0,1.1851326657980205e-05
1283,0.0,3.400998504876463e-05
1284,0.0,2.900179922405073e-05
1285,0.0,8.387573413601467e-05
1286,0.0,8.300062263229288e-05
1287,0.0,8.637847541420153e-05
1288,0.0,8.698554239746015e-05
1289,0.0,3.9120196893332704e-05
1290,0.0,4.081476070363651e-05
1291,0.0,1.8896432571465443e-05
1292,0.0,5.6086691869317464e-05
1293,0.0,5.0972578184398056e-05
1294,0.0,4.9036148311548524e-05
1295,0.0,4.92804091101624e-05
1296,0.0,3.614237547397367e-05
1297,0.0,4.147176360236266e-05
1298,0.0,2.5309459634300406e-05
1299,0.0,1.5115777084334363e-05
1300,0.0,1.4094798051979373e-05
1301,0.0,4.266300758409151e-05
1302,0.0,3.879628691330118e-05
1303,0.0,2.0773112788713955e-05
1304,0.0,3.0022127153912804e-05
1305,0.0,3.306617177801741e-05
1306,0.0,2.7821922546771482e-05
1307,0.0,2.2457065863965403e-05
1308,0.0,6.194644390565416e-05
1309,0.0,6.432147403039965e-05
1310,0.0,6.665121236663182e-05
1311,0.0,6.739544168641463e-05
1312,0.0,6.383876645604148e-05
1313,0.0,6.799240055080887e-05
1314,0.0,5.9643045849391596e-05
1315,0.0,4.0950879063160364e-05
1316,0.0,4.062795473230869e-05
1317,0.0,4.4924309125879935e-05
1318,0.0,2.5863989779399086e-05
1319,0.0,5.35101110395561e-05
1320,0.0,5.429395583574724e-05
1321,0.0,1.0042029556670594e-05
1322,0.0,2.334715066766644e-05
1323,0.0,4.700858462984382e-05
1324,0.0,5.034521034624624e-05
1325,0.0,4.4520730661517605e-05
1326,0.0,6.377262598830767e-05
1327,0.0,6.396267732957365e-05
1328,0.0,5.89373330414374e-05
1329,0.0,6.416944988794384e-05
1330,0.0,6.878927738653302e-05
1331,0.0,6.619772286568059e-05
1332,430.11227470695735,0.015049007608044689
1333,282.0771129881504,0.019885012138899007
1334,0.0,8.957206107517325e-06
1335,0.0,2.6158313851401546e-05
1336,0.0,7.10222885412989e-05
1337,0.0,6.765750506185739e-05
1338,0.0,6.761108270369993e-05
1339,0.0,2.108461050900222e-05
1340,0.0,1.1215104526376338e-05
1341,0.0,1.4197836186632346e-05
1342,0.0,1.2109920657541462e-05
1343,0.0,7.594221016824161e-05
1344,0.0,7.968185287810104e-05
1345,0.0,8.498422302325862e-05
1346,0.0,8.597342183871962e-05
1347,0.0,8.797127545835971e-05
1348,0.0,2.4519016023026378e-05
1349,0.0,3.066631483057712e-05
1350,0.0,8.004878436860127e-05
1351,0.0,7.05896377712569e-05
1352,0.0,7.300328065713723e-05
1353,0.0,6.942611223965069e-05
1354,-0.00512702960085911,4.8074427777722564e-06
1355,0.0,1.9085943852527214e-05
1356,0.0,1.303837213224931e-05
1357,0.0,2.0974694382113637e-05
1358,0.0,2.5515400803824895e-05
1359,0.0,2.128784087563065e-05
1360,0.0,4.4363428963574875e-05
1361,0.0,4.497954991885907e-05
1362,0.0,8.606955573360154e-05
1363,0.0,8.805794343961872e-05
1364,0.0,8.582239031450635e-05
1365,0.0,8.953507393156138e-05
1366,0.0,9.015204115745012e-05
1367,0.0,6.0557333738805624e-05
1368,0.0,5.4838699271084836e-05
1369,0.0,2.2185023211105965e-05
1370,0.0,2.4166473477971852e-05
1371,0.0,2.8438465869281433e-05
1372,0.0,3.385973187217908e-05
1373,0.0,4.078025182624866e-05
1374,0.0,3.724833549199521e-05
1375,0.0,5.6519315166595504e-05
1376,0.0,6.165141911963805e-05
1377,0.0,5.860888151914683e-05
1378,0.0,5.5425351362003354e-05
1379,0.0,3.3734756774291005e-05
1380,0.0,3.832617804214418e-05
1381,0.0,3.7947506937692454e-05
1382,0.0,3.819079384595591e-05
1383,0.0,4.760240066272372e-05
1384,0.0,5.1307385265846734e-05
1385,0.0,7.532271685632644e-05
1386,0.0,7.7348068120416e-05
1387,0.0,7.93471339230233e-05
1388,0.0,7.332846555526902e-05
1389,0.0,7.523694725330694e-05
1390,0.0,5.162629873748594e-05
1391,0.0,5.728950076620324e-05
1392,0.0,5.3152363124881464e-05
1393,0.0,3.2381116301631974e-05
1394,0.0,3.831593700979582e-05
1395,0.0,9.746738697586407e-05
1396,0.0,9.81454987945689e-05
1397,0.0,9.694474683748873e-05
1398,0.0,9.061793087738643e-05
1399,0.0,4.415947441727243e-05
1400,0.0,4.710027553660865e-05
1401,0.0,5.067353450862926e-05
1402,0.0,7.493674247309958e-05
1403,0.0,7.83964660944701e-05
1404,0.0,7.483615919875354e-05
1405,0.0,9.182068182663016e-05
1406,0.0,8.948025166421904e-05
1407,0.0,6.22560457504486e-05
1408,0.0,6.309742527533487e-05
1409,0.0,9.236061016643416e-05
1410,0.0,9.007175953425004e-05
1411,0.0,9.198969286306254e-05
1412,0.0,9.080288807520322e-05
1413,0.0,8.83208209065132e-05
1414,0.0,9.076229158140585e-05
1415,0.0,8.046603397710149e-05
1416,0.0,7.607016478205345e-05
1417,0.0,7.73090905290012e-05
1418,0.0,2.215024005684869e-05
1419,0.0,2.9099821668367928e-05
1420,0.0,6.779216273616338e-05
1421,0.0,6.715577183128454e-05
1422,0.0,4.6411766086511516e-05
1423,0.0,4.187051093251056e-05
1424,0.0,4.651649974609178e-05
1425,-0.0038994265052189787,4.943486862786056e-06
1426,0.0,4.0017702623368e-05
1427,0.0,6.960099722234799e-05
1428,0.0,8.781452144438329e-05
1429,0.0,8.967491346894734e-05
1430,0.0,8.663566325024167e-05
1431,0.0,6.316949029919684e-05
1432,0.0,7.724756370643635e-05
1433,0.0,7.501013707438587e-05
1434,0.0,6.892236384610621e-05
1435,0.0,6.507157375799123e-05
1436,0.0,6.970963287155905e-05
1437,0.0,4.579710992216979e-05
1438,0.0,7.630289962640321e-05
1439,0.0,3.4906667154884744e-05
1440,0.0,2.969441028177967e-05
1441,0.0,3.7713470524505646e-05
1442,0.0,4.3305503081666386e-05
1443,0.0,9.867981157730694e-05
1444,0.0,9.90026680487724e-05
1445,0.0,5.8728840121384655e-05
1446,0.0,6.272186701469928e-05
1447,0.0,6.289966227856301e-05
1448,0.0,5.916269332339152e-05
1449,0.0,5.41113257458459e-05
1450,0.0,4.2319517275732325e-05
1451,0.0,4.283306888487919e-05
1452,0.0,4.70484204224026e-05
1453,0.0,2.9276578231986485e-05
1454,0.0,3.271904380421581e-05
1455,0.0,2.66537995881856e-05
1456,0.0,6.771952228437777e-05
1457,0.0,6.645300612888307e-05
1458,0.0,4.195208680800815e-05
1459,0.0,6.599319059223213e-05
1460,0.0,7.528201986818585e-05
1461,0.0,7.150125243863135e-05
1462,0.0,7.221973771344808e-05
1463,-0.005627390354379338,2.3202353992418584e-06
1464,0.0,7.206574250331902e-06
1465,0.0,9.443226842132752e-06
1466,0.0,1.799340813647932e-05
1467,0.0,2.12811325403892e-05
1468,0.0,1.7779925719134696e-05
1469,0.0,1.4026717565527836e-05
1470,0.0,5.82836968561216e-06
1471,0.0,1.3001192893518823e-05
1472,0.0,1.0502849765340016e-05
1473,0.0,1.4218913784426753e-05
1474,0.0,2.596642869876624e-05
1475,0.0,3.136689471513329e-05
1476,0.0,2.9840965158700217e-05
1477,0.0,3.132076063262276e-05
1478,0.0,2.585773032437207e-05
1479,0.0,8.400385403553934e-05
1480,0.0,6.999337739601418e-05
1481,0.0,6.659837444155936e-05
1482,0.0,8.335188723103127e-05
1483,0.0,8.010279301141241e-05
1484,0.0,7.984399177002495e-05
1485,0.0,2.8816481740903563e-05
1486,0.0,2.4496297853438878e-05
1487,0.0,5.518280492942068e-05
1488,0.0,1.353758963452416e-05
1489,-0.0011425933412988424,8.49673312727072e-06
1490,-0.003669333658262265,6.493229484809399e-06
1491,0.0,2.3048559263170747e-05
1492,0.0,1.7678255485499136e-05
1493,0.0,4.017404858585885e-05
1494,0.0,4.478520403566142e-05
1495,0.0,4.473562549764293e-05
1496,0.0,1.3202044290246788e-05
1497,0.0,1.689162427628865e-05
1498,0.0,2.3218357022988037e-05
1499,0.0,2.656849655208569e-05
1500,0.0,3.9823293448567124e-05
1501,0.0,3.4997147162795564e-05
1502,0.0,3.7140116404219285e-05
1503,0.0,3.63618981856989e-05
1504,0.0,3.7899042870489626e-05
1505,0.0,3.273586828886225e-05
1506,0.0,6.851207742734439e-05
1507,0.0,5.532092293820941e-05
1508,0.0,3.622788583731643e-05
1509,0.0,3.1111164442824965e-05
1510,0.0,8.77302807844839e-05
1511,0.0,9.05122450391719e-05
1512,0.0,8.824968234900482e-05
1513,0.0,7.533471377510801e-05
1514,0.0,7.952089519062807e-05
1515,0.0,7.719947820711105e-05
1516,0.0,6.927749282761945e-05
1517,0.0,7.256835213237716e-05
1518,0.0,6.752233639501896e-05
1519,0.0,6.920919090559837e-05
1520,0.0,3.768249460788817e-05
1521,0.0,9.485209315113941e-05
1522,0.0,9.329323077782552e-05
1523,0.0,8.517312948492043e-05
1524,0.0,5.355342269216904e-05
1525,0.0,4.7834867476688704e-05
1526,0.0,2.933845063695805e-05
1527,0.0,3.1165784125577746e-05
1528,0.0,3.6887588782911994e-05
1529,0.0,3.982225977912453e-05
1530,0.0,3.5082108948930275e-05
1531,0.0,2.0127205399833334e-05
1532,0.0,4.2797903181534204e-05
1533,0.0,4.473494619477246e-05
1534,0.0,4.864864135481046e-05
1535,0.0,5.035998519835136e-05
1536,0.0,5.191690904393607e-05
1537,0.0,7.361744861528492e-05
1538,0.0,7.126794432445947e-05
1539,0.0,1.8080325738609046e-05
1540,0.0,1.8084661392755327e-05
1541,0.0,3.389637042859655e-05
1542,0.0,3.0402300239365106e-05
1543,0.0,4.984876908714641e-05
1544,0.0,4.1202874450093325e-05
1545,0.0,4.109178315294109e-05
1546,0.0,3.6844609838684856e-05
1547,0.0,9.654989561513366e-05
1548,0.0,9.533466963932926e-05
1549,0.0,9.35287624051593e-05
1550,0.0,6.53968725046619e-05
1551,0.0,7.030003944305959e-05
1552,0.0,6.452513414045043e-05
1553,0.0,9.730544372376142e-05
1554,0.0,9.12341366267205e-05
1555,0.0,9.109710318143464e-05
1556,0.0,8.875313451716182e-05
1557,0.0,7.023078537215873e-05
1558,0.0,7.323080900309488e-05
1559,0.0,7.532775924026618e-05
1560,0.0,7.109940226102313e-05
1561,0.0,7.067337209277739e-05
1562,0.0,6.679862095068583e-05
1563,0.0,4.366045506601074e-05
1564,0.0,5.8775109494751176e-05
1565,0.0,6.0416950435519375e-05
1566,0.0,2.1952970556071295e-05
1567,0.0,7.311269007473615e-05
1568,0.0,7.116021973861645e-05
1569,0.0,8.131270603040621e-05
1570,0.0,3.668876769607953e-06
1571,0.0,7.853815325619735e-06
1572,273.2167461471271,0.015708290004196827
1573,0.0,3.000454147972444e-05
1574,0.0,2.6102885208599196e-05
1575,0.0,3.27506949801928e-05
1576,0.0,3.5219188158150217e-05
1577,133.89453298267557,0.006505579312795111
1578,258.02062481144907,0.01653906162292295
1579,0.0,4.1045666271126166e-05
1580,0.0,3.948550385659498e-05
1581,0.0,8.80293160329108e-05
1582,0.0,8.512442378342692e-05
1583,0.0,8.658665627770449e-05
1584,0.0,7.56414630958502e-05
1585,0.0,1.5051991073497143e-05
1586,0.0,1.0689663953122844e-05
1587,0.0,1.52069717089422e-05
1588,0.0,1.4455692879423088e-05
1589,0.0,1.3485783646354197e-05
1590,0.0,8.112018580547238e-05
1591,0.0,7.915257454990633e-05
1592,0.0,7.91984490402265e-05
1593,0.0,7.599356519369407e-05
1594,0.0,7.540992475666512e-05
1595,0.0,7.680833087429343e-05
1596,0.0,8.031465224930958e-05
1597,0.0,8.695426606738946e-05
1598,0.0,8.990325601996747e-05
1599,0.0,8.756192645221412e-05
1600,0.0,3.670522141411331e-05
1601,0.0,4.091755790490649e-05
1602,0.0,4.2089326559025314e-05
1603,0.0,3.831117612591245e-05
1604,0.0,9.051926817959347e-05
1605,0.0,8.47587923377785e-05
1606,0.0,9.580723217521415e-05
1607,0.0,9.744366393028841e-05
1608,0.0,9.646497137231032e-05
1609,0.0,5.3378593225567074e-05
1610,0.0,6.441394413947258e-05
1611,0.0,6.930731462896286e-05
1612,0.0,7.126276205898476e-05
1613,0.0,7.134715009329248e-05
1614,0.0,5.6099024142843025e-05
1615,0.0,6.156539339285376e-05
1616,0.0,5.7314306156489944e-05
1617,0.0,4.595486067217844e-05
1618,0.0,5.086323206447846e-05
1619,0.0,5.179279486624563e-05
1620,0.0,3.140394413130796e-05
1621,0.0,3.068104615749729e-05
1622,0.0,2.2473578481140465e-05
1623,0.0,1.541744133688437e-05
1624,0.0,1.7810103949186807e-05
1625,0.0,5.671944926353143e-05
1626,0.0,5.9981060497686715e-05
1627,0.0,5.6935089791656284e-05
1628,-0.0010562866857788476,1.1729199979000604e-06
1629,-0.0016391725475904601,1.183843582326774e-06
1630,-0.0017158968285748988,2.1806113529587033e-06
1631,-0.002540198485523971,2.117098467166404e-06
1632,-0.0018215859602914088,3.6219043286796783e-06
1633,-0.0032808239398891214,2.086703518776544e-06
1634,-0.0009646993404453776,4.741528088250257e-06
1635,0.0,7.038508525693822e-06
1636,-0.002621182556902133,3.7509732604888898e-06
1637,-0.0039912813424043524,4.107130776210176e-06
1638,0.0,7.844588254700005e-06
1639,-0.003233324955069096,5.8458083958652866e-06
1640,-0.0014896931439655828,7.353357313158984e-06
1641,0.0,1.0872812465374499e-05
1642,-0.005524192898196272,5.362381002991723e-06
1643,0.0,1.2125028475072955e-05
1644,-0.005871178806453375,5.2081293180243e-06
1645,-0.0014189898496720962,7.720918012644762e-06
1646,-0.002316134207467943,5.2762005163136615e-06
1647,-0.0029270850611900203,5.436297255373982e-06
1648,0.0,1.1026762387444595e-05
1649,-0.005364456184806564,3.3015241256311846e-06
1650,-0.0033581651043890263,3.203172481364222e-06
1651,-0.002703561916373582,2.8759893756961867e-06
1652,-0.00042267578897199365,5.022228872539421e-06
1653,-0.0017518901525877544,2.990153294266447e-06
1654,-0.001136096154817534,1.8705098575255717e-06
1655,-0.0021560362892577597,1.5569160830593006e-06
1656,-0.0007184605186886683,6.483936801445269e-07
1657,-0.001222225772302816,8.155174739883894e-07
1658,-0.000728296170877178,6.473453079499108e-07
1659,-0.00039739923575603405,1.8389080263586867e-06
1660,-0.0020574252264170577,1.6219917783869703e-06
1661,-0.002422415169148858,3.609683952849231e-06
1662,-0.0010871237450726298,5.269338685231558e-06
1663,-0.00501590751444896,3.362783012203004e-06
1664,-0.001230034378211152,6.4612495685755744e-06
1665,0.0,8.950447492990677e-06
1666,-0.005543234442687982,3.710365454363315e-06
1667,-0.005549075193575148,4.0996827970858104e-06
1668,-0.0046523579627488435,5.486524123763835e-06
1669,-0.0064086316079592,4.0096314189418676e-06
1670,-0.00592415853665573,4.6876867980410495e-06
1671,-0.0017762727861530797,6.937898247530551e-06
1672,-0.007099795455137344,3.762583550375629e-06
1673,-0.004013377848905026,5.924248941198877e-06
1674,-0.004305972582836284,5.125514474348196e-06
1675,-0.0032329332109069355,5.412457742816721e-06
1676,0.0,1.2162586622814406e-05
1677,-0.004604005104773415,5.206303912817942e-06
1678,-0.0025067466610673413,5.4172890212664e-06
1679,-0.0017242824515734637,6.209849375042425e-06
1680,0.0,7.96817274562428e-06
1681,-0.000949490517579931,6.104016594466952e-06
1682,0.0,9.535907453050338e-06
1683,0.0,7.364145180834628e-06
1684,-0.0012629838308244716,4.775508857726018e-06
1685,-0.004293510371561076,3.0246754759571715e-06
1686,-0.0023089620745409796,2.6453314860322474e-06
1687,-0.0016020057943188614,1.8626253208931868e-06
1688,-0.0013388495504490384,1.3891554512389595e-06
1689,-0.00023304960046095365,1.134497444149522e-06
1690,309.3906921588063,0.01731626823607647
1691,0.0,3.1968098163266918e-06
1692,44.246523434606644,0.008406515904663348
1693,372.45828298561725,0.01770672524208987
1694,0.0,4.435161181515033e-06
1695,366.8574914906676,0.017488431751977295
1696,451.2197831817472,0.014816090684460555
1697,259.57272148663986,0.01570423121763774
1698,263.7606783941042,0.019473772563362697
1699,322.96976124875493,0.01787443777624634
1700,331.82011144148834,0.017138549809740375
1701,0.0,9.895162279904163e-06
1702,245.60789879155732,0.01718887956723431
1703,0.0,1.1397045350229293e-05
1704,269.67657130386567,0.01306718963835309
1705,41.81249402589192,0.007019323492957595
1706,34.73855195282447,0.00644533980301428
1707,0.0,1.2145158621853702e-05
1708,310.4736703657535,0.018155647674190693
1709,0.0,1.1642694308113249e-05
1710,0.0,1.0775058008638045e-05
1711,318.2340316312127,0.019625332968917327
1712,437.2666172286485,0.013793814648064414
1713,339.9286373545194,0.016739809722618824
1714,303.8526725232006,0.01826702047909334
1715,290.2930501959585,0.019506348528671218
1716,96.21437229052212,0.006369971930719641
1717,0.0,8.86427633343364e-06
1718,209.8587254740913,0.01906984462935995
1719,440.26234656443216,0.01501844000664016
1720,421.27830990759077,0.014287097694382602
1721,299.0475053975358,0.019400045301488995
1722,70.78362980050838,0.007540942467989188
1723,373.8760625602699,0.01489287311446163
1724,318.24244852115663,0.014816940156906159
1725,0.0,4.2901518460316494e-06
1726,-0.003926097096895425,4.704109895379726e-06
1727,0.0,1.1310961522041307e-05
1728,0.0,7.78199489284741e-06
1729,-0.00030016737248152024,2.004170234047065e-06
1730,-0.0011336927362930417,8.734612267817057e-07
1731,0.0,1.7347654156228012e-06
1732,-0.004692594172301738,3.900407825372984e-06
1733,0.0,8.425443906492004e-06
1734,-0.004414044724388069,3.7881194540271743e-06
1735,-0.0012788229491007901,9.359978007332497e-07
1736,364.26726232932214,0.015733481526461774
1737,0.0,4.840635490739817e-06
1738,429.0925739643588,0.015030993852238342
1739,0.0,8.424892920047448e-06
1740,0.0,6.373772668143031e-06
1741,0.0,4.8060987517744836e-06
1742,0.0,2.066921383636482e-05
1743,0.0,2.2988958805219794e-05
1744,0.0,1.653824426505648e-05
1745,0.0,1.4148881180134427e-05
1746,0.0,1.0993358653958525e-05
1747,0.0,1.6315902062205144e-05
1748,0.0,5.1346161880957145e-05
1749,0.0,5.099684746637365e-05
1750,0.0,5.528554756934041e-05
1751,0.0,3.132279898799648e-05
1752,0.0,3.454236604776197e-05
1753,0.0,3.6145823616871813e-05
1754,0.0,2.421089967644133e-05
1755,0.0,2.101157896458761e-05
1756,0.0,1.3122681421500583e-05
1757,0.0,1.4155919314029466e-05
1758,0.0,5.0727649703021354e-05
1759,0.0,5.121271699082971e-05
1760,0.0,3.939728528440206e-05
1761,0.0,1.6715101466487273e-05
1762,0.0,1.4555114796094645e-05
1763,0.0,8.737331688044995e-06
1764,0.0,8.836677587941913e-05
1765,0.0,9.121405252355405e-05
1766,0.0,8.570156170380718e-05
1767,0.0,2.0643555939111785e-05
1768,0.0,8.784883950066245e-06
1769,0.0,7.10753050812663e-05
1770,0.0,5.601998069677734e-05
1771,0.0,6.250679168902945e-05
1772,0.0,7.237889006053683e-05
1773,0.0,5.055775529954354e-05
1774,0.0,4.526994567600656e-05
1775,0.0,5.02026337238224e-05
1776,0.0,9.060697320848535e-06
1777,0.0,7.847687453182863e-06
1778,0.0,2.0471917195257818e-05
1779,0.0,3.012046832014664e-05
1780,0.0,2.5157503835866142e-05
1781,0.0,3.97224264352492e-05
1782,0.0,4.600673119900073e-05
1783,0.0,4.424130487646823e-05
1784,0.0,4.237978620350551e-05
1785,0.0,4.787253421272089e-05
1786,0.0,4.389920801864814e-05
1787,0.0,2.3959778827474506e-05
1788,0.0,3.268238450809849e-05
1789,0.0,2.728693138639481e-05
1790,0.0,3.9653130089711445e-05
1791,0.0,3.5477203045863834e-05
1792,0.0,3.3881901826356617e-05
1793,0.0,8.507717083119831e-05
1794,0.0,3.1505011677265475e-05
1795,0.0,2.3335947429006606e-05
1796,0.0,2.7566854318384634e-05
1797,0.0,2.706246922899926e-05
1798,0.0,8.186073842419766e-05
1799,0.0,8.499717145353878e-05
1800,0.0,3.6263251074038094e-05
1801,0.0,3.9807679026986806e-05
1802,0.0,4.261002077738026e-05
1803,0.0,4.215798971311732e-05
1804,0.0,4.471036763101773e-05
1805,0.0,6.0783348074902266e-05
1806,0.0,6.341687999417526e-05
1807,0.0,7.108325248665381e-05
1808,0.0,6.860037018943901e-05
1809,0.0,7.300563528683446e-05
1810,0.0,1.976245818503066e-05
1811,0.0,2.0519460630506524e-05
1812,0.0,3.2301316961209044e-05
1813,0.0,1.9037750452926182e-05
1814,0.0,1.9959823674258685e-05
1815,0.0,3.5126802047805526e-05
1816,0.0,7.673926521851884e-05
1817,0.0,5.795392886205011e-05
1818,0.0,3.8718338381794465e-05
1819,0.0,3.5480944202330375e-05
1820,0.0,3.843048134982982e-05
1821,0.0,3.307569723035021e-05
1822,0.0,3.206016324275694e-05
1823,0.0,3.619401572835835e-05
1824,0.0,3.454283077111671e-05
1825,0.0,5.117775555384768e-05
1826,0.0,5.4182104550429326e-05
1827,0.0,4.2746737572710685e-05
1828,0.0,4.816659314253873e-05
1829,0.0,5.537599975553662e-05
1830,0.0,5.93930122900645e-05
1831,0.0,5.9257993734177274e-05
1832,0.0,5.633507358345439e-05
1833,0.0,5.255029122708542e-05
1834,0.0,5.240693759851496e-05
1835,0.0,8.730783793287528e-05
1836,0.0,9.023014965441899e-05
1837,0.0,8.115467444782477e-05
1838,0.0,7.705013464770038e-05
1839,0.0,2.4098068840992082e-05
1840,0.0,2.7197282454493728e-05
1841,0.0,2.71612036391684e-05
1842,0.0,2.0830373791388293e-05
1843,0.0,1.7185098930660907e-05
1844,0.0,1.6506588232177944e-05
1845,0.0,7.676395353459109e-05
1846,0.0,7.598964707544828e-05
1847,0.0,9.124179748120217e-05
1848,0.0,8.929431008870676e-05
1849,0.0,8.641482293431531e-05
1850,0.0,7.423288956692104e-05
1851,0.0,7.493480188799914e-05
1852,0.0,9.895321291850353e-05
1853,0.0,9.825513863068491e-05
1854,0.0,9.598378055915262e-05
1855,0.0,9.738774375413054e-05
1856,0.0,9.354654327982017e-05
1857,0.0,2.4425572972456164e-05
1858,0.0,2.0662434348467014e-05
1859,0.0,7.771135203469911e-05
1860,0.0,7.498951698640223e-05
1861,0.0,4.6024449891918775e-05
1862,0.0,4.496313545250125e-05
1863,0.0,5.008987506942312e-05
1864,0.0,8.384646375862854e-05
1865,0.0,8.666741680721707e-05
1866,0.0,8.29806326506488e-05
1867,0.0,9.876020081738935e-06
1868,0.0,9.046459626162279e-05
1869,0.0,8.818684170573991e-05
1870,0.0,8.7868364411019e-05
1871,0.0,9.340807356829533e-05
1872,0.0,7.78829928878877e-06
1873,0.0,1.0753628710265446e-05
1874,0.0,1.5950279709102713e-05
1875,0.0,2.356482216469594e-05
1876,0.0,2.3185976495633813e-05
1877,0.0,6.612934367225094e-05
1878,0.0,6.611261578529128e-05
1879,0.0,5.8273049735179905e-05
1880,0.0,4.639804302785427e-05
1881,0.0,6.531535076438587e-05
1882,0.0,6.26597813069955e-05
1883,0.0,7.895513214415923e-05
1884,0.0,8.41810395728086e-05
1885,0.0,8.202980408070385e-05
1886,0.0,2.923722032558331e-05
1887,0.0,2.4706449151216745e-05
1888,0.0,3.0086102223558743e-05
1889,0.0,3.354391550754914e-05
1890,0.0,4.494100391649816e-05
1891,0.0,6.375287139539582e-05
1892,0.0,6.356788336468465e-05
1893,0.0,4.842901030134781e-05
1894,0.0,5.0978680420364765e-05
1895,0.0,5.1134818521850256e-05
1896,0.0,4.635478584767094e-05
1897,0.0,2.71820477593915e-05
1898,0.0,2.948408921236146e-05
1899,0.0,5.637492774520485e-05
1900,0.0,5.940424529568939e-05
1901,0.0,3.5852750731415606e-05
1902,0.0,3.9192770022364075e-05
1903,0.0,6.795718201061521e-05
1904,0.0,5.603010253915551e-05
1905,0.0,5.003421796476884e-05
1906,0.0,8.862130362429128e-05
1907,0.0,7.607299897482173e-05
1908,0.0,7.264892131433091e-05
1909,0.0,7.685536733965603e-05
1910,0.0,6.98142647937197e-05
1911,0.0,7.538897107174366e-05
1912,0.0,4.865547302953e-05
1913,0.0,5.248689427608069e-05
1914,0.0,4.492845823172441e-05
1915,0.0,6.194969475317314e-05
1916,0.0,5.9424337152212655e-05
1917,0.0,1.842142100957633e-05
1918,0.0,1.200343567888818e-05
1919,0.0,3.43200512564578e-05
1920,0.0,3.061705255806703e-05
1921,0.0,9.77845593715826e-05
1922,0.0,9.609671186919317e-05
1923,0.0,9.374373507402902e-05
1924,0.0,9.132599963076042e-05
1925,0.0,4.708936399538095e-05
1926,0.0,4.275205021140503e-05
1927,0.0,4.910980922475595e-05
1928,0.0,6.226897118025818e-05
1929,0.0,4.7731003492387566e-05
1930,0.0,1.126964602402194e-05
1931,0.0,2.60659049462834e-05
1932,0.0,9.749531607023586e-05
1933,0.0,4.7330433933917725e-05
1934,0.0,8.969797288224019e-05
1935,0.0,9.082873321193467e-05
1936,0.0,9.185498994154667e-05
1937,0.0,8.654810984535526e-05
1938,0.0,8.764797797551204e-05
1939,0.0,3.993081327828909e-05
1940,0.0,4.4519675958831455e-05
1941,0.0,2.4179648461383077e-05
1942,0.0,2.760527886457175e-05
1943,0.0,2.430302227937379e-05
1944,0.0,2.853825110938915e-05
1945,0.0,2.98743237258366e-05
1946,0.0,2.5824289119895995e-05
1947,0.0,2.6814600277674685e-05
1948,0.0,7.563066438684099e-06
1949,0.0,5.34859203990637e-06
1950,0.0,6.150536508679309e-05
1951,0.0,9.825983099741889e-05
1952,0.0,2.4843058749253013e-05
1953,0.0,1.6123806391742116e-05
1954,0.0,1.0729250544952879e-05
1955,0.0,6.526116159308682e-05
1956,0.0,6.611470369414641e-05
1957,0.0,6.766312874948124e-05
1958,0.0,1.0397201219054555e-05
1959,0.0,1.6129639863596296e-05
1960,0.0,3.0067778510200914e-05
1961,0.0,8.858096935991312e-05
1962,0.0,7.929891122257725e-05
1963,0.0,7.446445855212243e-05
1964,0.0,7.714068110788e-05
1965,0.0,7.038626332920748e-05
1966,0.0,3.927172601761155e-05
1967,0.0,2.4792282274987377e-05
1968,0.0,2.4976951619720913e-05
1969,0.0,2.8696266415097822e-05
1970,0.0,3.928377129518355e-05
1971,0.0,2.8501977673699553e-05
1972,0.0,3.4667598349006395e-05
1973,0.0,9.409633785328016e-05
1974,0.0,9.37988552643717e-05
1975,0.0,9.577587067508109e-05
1976,0.0,8.255206153405604e-05
1977,0.0,8.245888932478692e-05
1978,0.0,8.551053165597364e-05
1979,0.0,5.351663341131617e-05
1980,0.0,6.619946927473475e-05
1981,0.0,5.1442205849263206e-05
1982,0.0,5.251224102709606e-05
1983,0.0,5.547066337917014e-05
1984,0.0,5.006804395464652e-05
1985,0.0,6.0203998822879596e-05
1986,0.0,4.235028029412874e-05
1987,0.0,3.916345904061497e-05
1988,0.0,3.570629975617681e-05
1989,0.0,9.860729817258046e-05
1990,0.0,9.622600345884928e-05
1991,0.0,7.138407084040865e-05
1992,0.0,6.763597652474491e-05
1993,0.0,3.379383983345074e-05
1994,0.0,2.8963990245959728e-05
1995,0.0,2.8039505279807493e-05
1996,0.0,9.443763063661108e-05
1997,0.0,9.54056791679622e-05
1998,0.0,6.027489840757607e-05
1999,0.0,6.221862428003242e-05
2000,0.0,8.567194718999217e-05
2001,0.0,7.493223963091661e-05
2002,0.0,7.711211308014318e-05
2003,0.0,7.858272972118864e-05
2004,0.0,3.8488078891254215e-05
2005,0.0,3.721944285293007e-05
2006,0.0,2.2531778917824234e-05
2007,0.0,1.7234539477444533e-05
2008,0.0,7.526408583116837e-06
2009,0.0,4.003574049083724e-05
2010,0.0,7.263611297133373e-05
2011,0.0,8.87466692487364e-05
2012,0.0,8.394520130379141e-05
2013,0.0,8.31430311174705e-05
2014,0.0,1.0120564405456094e-05
2015,0.0,4.388156835978147e-05
2016,0.0,3.8393213751247235e-05
2017,0.0,8.504932075879243e-05
2018,0.0,8.202540077945372e-05
2019,0.0,8.245783025180168e-05
2020,0.0,8.570204477365793e-05
2021,0.0,4.038925365947019e-05
2022,0.0,3.840172170292964e-05
2023,0.0,3.8240019876659454e-05
2024,0.0,4.86861037117893e-05
2025,0.0,7.306344127589167e-05
2026,0.0,7.864605298444802e-05
2027,0.0,6.73640429713531e-05
2028,0.0,7.1489642410098e-05
2029,0.0,7.516120467325483e-06
2030,0.0,1.6334318274484767e-05
2031,0.0,5.9121284509517486e-05
2032,0.0,5.107343331065243e-05
2033,0.0,5.1539493864418344e-05
2034,0.0,8.085039879345689e-05
2035,0.0,7.976162924642723e-05
2036,0.0,7.864267248333961e-05
2037,0.0,2.4051869678979386e-05
2038,0.0,1.8276774696272395e-05
2039,0.0,2.7257206563676883e-05
2040,0.0,3.0223880795518947e-05
2041,0.0,4.9819948058678165e-05
2042,0.0,5.1837006639427044e-05
2043,0.0,3.667517150715262e-05
2044,0.0,7.088187889972592e-05
2045,0.0,6.754084081168617e-05
2046,0.0,7.23739635226685e-05
2047,0.0,1.9673349878908838e-05
2048,0.0,1.3972981617276846e-05
2049,0.0,1.8718178986387983e-05
2050,0.0,1.5312366729967203e-05
2051,0.0,7.489031669298895e-05
2052,0.0,6.193852831297897e-05
2053,0.0,3.6685013677941265e-05
2054,0.0,3.823060106723874e-05
2055,0.0,8.566864225816934e-05
2056,0.0,2.9038297756313355e-05
2057,0.0,3.4577558531013646e-05
2058,0.0,2.8643269601267987e-05
2059,0.0,2.199785272260154e-05
2060,0.0,2.579143309462054e-05
2061,0.0,1.0869663597110015e-05
2062,0.0,4.062515239178983e-05
2063,0.0,3.496904541600374e-05
2064,0.0,3.303962894140991e-05
2065,0.0,9.191461922173572e-05
2066,0.0,7.93398097097943e-05
2067,0.0,7.843596161294466e-05
2068,0.0,3.760304577742223e-05
2069,0.0,3.925515375097174e-05
2070,0.0,2.664387356570569e-05
2071,0.0,4.023832636958021e-05
2072,0.0,5.18778223481133e-05
2073,0.0,4.797313483207471e-05
2074,0.0,2.8626361013872307e-05
2075,0.0,3.2572563689728845e-05
2076,0.0,1.1562941988029058e-05
2077,0.0,9.726077278002868e-06
2078,0.0,3.358255107541236e-05
2079,0.0,1.177128618031947e-05
2080,0.0,8.800633044263382e-06
2081,0.0,6.90007085308642e-05
2082,0.0,6.49556218840882e-05
2083,0.0,1.5503171220816477e-05
2084,0.0,2.00643311111306e-05
2085,0.0,5.936587328957721e-06
2086,0.0,7.733090730308399e-05
2087,0.0,7.925736013284773e-05
2088,0.0,7.509206524479617e-05
2089,0.0,5.4140122180060455e-05
2090,0.0,5.8034088193484004e-05
2091,0.0,5.433208669753128e-05
2092,0.0,2.195641444561034e-05
2093,0.0,1.7412040212912883e-05
2094,0.0,6.317051931611011e-05
2095,0.0,6.36303314742104e-05
2096,0.0,5.549854856704388e-05
2097,0.0,3.1343461998589045e-05
2098,0.0,3.900049937951631e-05
2099,0.0,7.803082140368893e-05
2100,0.0,7.05707720675715e-05
2101,0.0,7.420243816622434e-05
2102,0.0,7.469118024537258e-05
2103,0.0,7.115464936246704e-05
2104,0.0,6.575437686179944e-05
2105,0.0,3.69297522005767e-05
2106,0.0,3.101333761673853e-05
2107,0.0,7.856427777814172e-05
2108,0.0,7.477449231148773e-05
2109,0.0,7.546779855708381e-05
2110,0.0,5.4373066570398705e-05
2111,0.0,6.331888378829597e-05
2112,0.0,4.559338545001126e-05
2113,0.0,5.2531939235208253e-05
2114,0.0,7.870124964532529e-05
2115,0.0,7.258261982872135e-05
2116,0.0,7.582366503550313e-05
2117,0.0,7.127310413359014e-05
2118,0.0,4.894502089619563e-06
2119,0.0,1.0139913023453234e-05
2120,0.0,2.3141427143784848e-05
2121,0.0,9.758457505231143e-05
2122,0.0,9.679592277522835e-05
2123,0.0,9.248915066206885e-05
2124,0.0,9.080688207189224e-05
2125,0.0,4.737233067129216e-05
2126,0.0,4.1470799772473665e-05
2127,0.0,9.093836631376929e-05
2128,0.0,7.14001018902447e-05
2129,0.0,9.596538973286838e-05
2130,0.0,9.232615634606039e-05
2131,0.0,5.564922313872979e-05
2132,0.0,5.331150528694161e-05
2133,0.0,2.93840427130361e-05
2134,0.0,2.4268667657109075e-05
2135,0.0,1.7915817557822494e-05
2136,0.0,1.627570952505306e-05
2137,0.0,8.379983791572375e-05
2138,0.0,4.970775774241161e-05
2139,0.0,4.718078796363647e-05
2140,0.0,4.9281586190430694e-05
2141,0.0,9.398470388559445e-05
2142,0.0,3.809540118180875e-05
2143,0.0,2.2065055947733808e-05
2144,0.0,2.3641747065944798e-05
2145,0.0,2.7915856112142383e-05
2146,0.0,1.6955607751772674e-05
2147,0.0,1.264909872127914e-05
2148,0.0,9.573884479583449e-06
2149,0.0,3.3237510706073237e-05
2150,0.0,3.613368606103136e-05
2151,0.0,5.155034171369349e-05
2152,0.0,3.3189360776300683e-05
2153,0.0,2.5837018560110568e-05
2154,0.0,2.5013736417993035e-05
2155,0.0,3.0274484725703795e-05
2156,0.0,2.7458467674604057e-05
2157,0.0,2.1511973970492685e-05
2158,0.0,2.5029054183794672e-05
2159,0.0,2.6100460647989294e-05
2160,0.0,2.803374083354251e-05
2161,0.0,6.644553799523104e-05
2162,0.0,8.624887761939417e-05
2163,0.0,8.22442162199273e-05
2164,0.0,6.007459706755768e-05
2165,0.0,7.962504849345429e-05
2166,0.0,1.6192354931987765e-05
2167,0.0,7.653323240999034e-05
2168,0.0,7.954611479864432e-05
2169,0.0,7.993011613034243e-05
2170,0.0,8.517706166084122e-05
2171,0.0,8.330217791434914e-05
2172,0.0,9.361421239785334e-05
2173,0.0,1.226873713449697e-05
2174,0.0,2.309123541472062e-05
2175,0.0,4.622304003731818e-05
2176,0.0,5.897051231221414e-05
2177,0.0,6.0364016291015236e-05
2178,0.0,1.5711100671415447e-05
2179,0.0,8.582220323264289e-05
2180,0.0,9.255858590109465e-05
2181,0.0,7.579164142850105e-05
2182,0.0,7.168450998305161e-05
2183,0.0,7.214671908502661e-05
2184,0.0,9.192091724547806e-05
2185,0.0,7.755176457963104e-05
2186,0.0,8.158934039298169e-05
2187,0.0,6.06893197752333e-05
2188,0.0,3.835394165255622e-05
2189,0.0,2.4035878327110542e-05
2190,0.0,4.2188666934483446e-05
2191,0.0,4.3859494101683154e-05
2192,0.0,4.846758005911151e-05
2193,0.0,5.8597934487069765e-05
2194,0.0,6.418829732768983e-05
2195,0.0,6.203998736561786e-05
2196,0.0,6.626467915009074e-05
2197,0.0,6.682181593905111e-05
2198,0.0,6.230927006523713e-05
2199,0.0,6.946242804941332e-05
2200,0.0,5.154670146280048e-05
2201,0.0,5.6104910434125256e-05
2202,0.0,1.0720926660022859e-05
2203,0.0,9.697482326619444e-06
2204,0.0,3.505483174343495e-05
2205,0.0,3.247619004881298e-05
2206,0.0,3.7729838594419726e-05
2207,0.0,2.6696534339875884e-05
2208,0.0,2.2431102705855376e-05
2209,0.0,4.352352034008145e-05
2210,0.0,3.2327755694519626e-05
2211,0.0,4.133873342070614e-05
2212,0.0,2.7251619050477384e-05
2213,0.0,2.9573160257294017e-05
2214,0.0,7.610639562662472e-05
2215,0.0,8.035555430258692e-05
2216,0.0,8.563033474115528e-05
2217,0.0,6.465633553231944e-05
2218,0.0,5.403522208126784e-05
2219,0.0,5.2073143038303445e-05
2220,0.0,1.0237204791280358e-05
2221,0.0,7.370830424439307e-05
2222,0.0,7.423865141451099e-05
2223,0.0,8.335569019068594e-05
2224,0.0,7.548275090319571e-05
2225,0.0,5.675801693144278e-05
2226,0.0,4.599153819354662e-05
2227,0.0,4.3929423956543814e-05
2228,0.0,2.0730297366567513e-05
2229,0.0,1.4763578756445655e-05
2230,0.0,4.596009789577391e-05
2231,0.0,6.877221826824407e-05
2232,0.0,6.037297866879506e-05
2233,0.0,5.813642437607486e-05
2234,0.0,9.81386636492185e-05
2235,0.0,7.3991840303939695e-06
2236,0.0,2.3694664359057866e-05
2237,0.0,7.976547389536912e-05
2238,0.0,8.314525936299064e-05
2239,0.0,8.470834973677757e-05
2240,0.0,8.056471727218475e-05
2241,0.0,4.9990156394809844e-05
2242,0.0,5.029321672849907e-05
2243,0.0,4.4793222757416025e-05
2244,0.0,8.831911392161881e-05
2245,0.0,8.954614765548175e-05
2246,0.0,1.4102576201680265e-05
2247,0.0,5.6047937665516216e-05
2248,0.0,5.865030963031666e-05
2249,0.0,2.818340576350589e-05
2250,0.0,2.3947162560629853e-05
2251,0.0,1.7708836422499466e-05
2252,0.0,4.154410788334628e-05
2253,0.0,3.44833011664095e-05
2254,0.0,3.248012146881412e-05
2255,0.0,3.89065701834475e-05
2256,0.0,3.99754469131595e-05
2257,0.0,5.4458113668861486e-05
2258,0.0,8.16971781217e-05
2259,0.0,8.000754081135228e-05
2260,0.0,8.483151179905323e-05
2261,0.0,2.434321229042967e-05
2262,0.0,2.8052943823072375e-05
2263,0.0,5.48159276055199e-05
2264,0.0,5.4047525980047866e-05
2265,0.0,2.83142072306358e-05
2266,0.0,6.796744421276624e-05
2267,0.0,4.480513334440996e-05
2268,0.0,4.913945096627055e-05
2269,0.0,7.870703617679376e-05
2270,0.0,7.584087083284009e-05
2271,0.0,7.657259971002224e-05
2272,0.0,8.172448931266963e-05
2273,0.0,5.5375815105263156e-05
2274,0.0,6.154804047861758e-05
2275,0.0,6.317958368256865e-05
2276,0.0,9.834315793208026e-05
2277,0.0,9.910835701835225e-05
2278,0.0,9.863094494086485e-05
2279,0.0,9.851099616267584e-05
2280,0.0,1.5119873579478697e-05
2281,0.0,2.055849869441351e-05
2282,0.0,9.459020375531197e-05
2283,0.0,9.239254388557101e-05
2284,0.0,4.552941397896632e-05
2285,0.0,6.857978516069088e-05
2286,0.0,6.50588217657051e-05
2287,0.0,6.981376205487354e-05
2288,0.0,1.231320072648593e-05
2289,0.0,5.120409371974247e-05
2290,0.0,3.0017587641115314e-05
2291,0.0,3.5038431033090065e-05
2292,0.0,4.979444710219948e-05
2293,0.0,5.1671489405139983e-05
2294,0.0,4.502514351999497e-05
2295,0.0,4.9875261063896635e-05
2296,0.0,5.4080209774659785e-05
2297,0.0,5.5233334607667106e-05
2298,0.0,4.712999528299003e-05
2299,0.0,8.830243255472333e-05
2300,0.0,1.7276108690196358e-05
2301,0.0,8.856672489310822e-05
2302,0.0,4.0498009455572485e-05
2303,0.0,2.841022920777922e-05
2304,0.0,3.210735456660788e-05
2305,0.0,5.456284922307241e-05
2306,0.0,2.209225189446785e-05
2307,0.0,4.920079696165571e-05
2308,0.0,5.9221990962880494e-05
2309,0.0,5.058942223356161e-05
2310,0.0,4.510697135352028e-05
2311,0.0,1.4631285381395186e-05
2312,0.0,1.2865572536450319e-05
2313,0.0,1.3273185310826146e-05
2314,0.0,1.2091127611450588e-05
2315,0.0,9.126640625737229e-06
2316,-0.0016432350186989168,2.319289611686454e-06
2317,0.0,8.828973461894638e-05
2318,0.0,5.686245219140395e-05
2319,0.0,5.920131786424544e-05
2320,0.0,1.136367161813005e-05
2321,0.0,7.974139607510474e-06
2322,0.0,6.755931482539453e-06
2323,0.0,6.804279126110022e-05
2324,0.0,8.325938618315923e-05
2325,0.0,5.267110010098037e-05
2326,0.0,2.789666381398925e-05
2327,0.0,3.601782370275649e-05
2328,0.0,3.714099896026472e-05
2329,0.0,2.4037360761915665e-05
2330,0.0,8.596673091322907e-05
2331,0.0,3.0174711406255265e-05
2332,0.0,1.2256876981515418e-05
2333,0.0,2.9089759076159993e-05
2334,0.0,7.915652628952947e-05
2335,0.0,7.435853267156301e-05
2336,0.0,8.42375294022646e-05
2337,0.0,8.296158248727e-05
2338,0.0,8.129739743625816e-05
2339,0.0,8.288449954758075e-05
2340,0.0,9.292711977067855e-05
2341,0.0,5.3436742316869216e-05
2342,0.0,6.383169179641148e-05
2343,0.0,5.914500858950509e-05
2344,0.0,4.1386470508023235e-05
2345,0.0,6.4950085893033075e-06
2346,0.0,3.200080853566392e-05
2347,0.0,2.815899922553712e-05
2348,0.0,4.190770640728042e-05
2349,0.0,2.0733130998819986e-05
2350,0.0,1.6703733366502274e-05
2351,0.0,1.4371934317002924e-05
2352,0.0,1.496484683959003e-05
2353,0.0,5.3161854871038746e-05
2354,0.0,5.81612206479312e-05
2355,0.0,9.262694284826823e-05
2356,0.0,9.060896074925137e-05
2357,0.0,3.472403981143638e-05
2358,0.0,2.7706058474456846e-05
2359,0.0,3.092605947096786e-05
2360,0.0,5.813157311035728e-05
2361,0.0,2.696701561603412e-05
2362,0.0,2.552273892181038e-05
2363,0.0,9.861193904752296e-05
2364,0.0,9.924067566473035e-05
2365,0.0,9.872781104707879e-05
2366,0.0,1.111998096243088e-05
2367,0.0,4.3598851032602494e-05
2368,0.0,8.726252617142566e-05
2369,0.0,1.8887804059000585e-05
2370,0.0,1.560131618642711e-05
2371,0.0,5.8727071789578306e-05
2372,0.0,3.103434952325366e-05
2373,0.0,6.075345853400779e-05
2374,0.0,8.325398385154425e-06
2375,0.0,7.055082038325552e-05
2376,0.0,4.0566798863369665e-05
2377,0.0,4.5743832895538806e-05
2378,0.0,1.9047030146394355e-05
2379,0.0,7.86826044601942e-05
2380,0.0,7.219516488599342e-05
2381,0.0,6.15642318750412e-05
2382,0.0,4.767022848762383e-05
2383,0.0,6.619491584381207e-05
2384,0.0,6.731057580253356e-05
2385,0.0,7.022821285371227e-05
2386,0.0,4.2317787242496555e-05
2387,0.0,6.033836817951028e-05
2388,0.0,3.0784650019891884e-05
2389,0.0,5.320231508124188e-05
2390,0.0,4.055255775960155e-05
2391,0.0,6.424188359672924e-05
2392,0.0,4.2557792875578675e-05
2393,0.0,8.493381015637866e-05
2394,0.0,3.945804937743672e-05
2395,0.0,7.47011030204502e-05
2396,0.0,7.472591698254357e-05
2397,0.0,6.29194527292526e-05
2398,0.0,5.2388903892305236e-05
2399,0.0,2.1924917353972335e-05
2400,0.0,3.664044462290292e-05
2401,0.0,2.2572574139701754e-05
2402,0.0,6.93316601676822e-05
2403,0.0,8.901494763278303e-05
2404,0.0,9.321930736377518e-05
2405,0.0,5.118667252674485e-05
2406,0.0,4.6792224974688356e-05
2407,0.0,5.873251757755222e-05
2408,0.0,8.44885083167269e-05
2409,0.0,9.41344314133568e-05
2410,0.0,1.1795020960687143e-05
2411,0.0,7.939872691652784e-05
2412,0.0,5.598956925690584e-06
2413,0.0,1.5636334664322412e-05
2414,0.0,2.2977876048921625e-05
2415,0.0,2.994664222988687e-05
2416,0.0,2.692194430162812e-05
2417,0.0,6.454386917228072e-05
2418,0.0,1.7689854852299285e-05
2419,0.0,7.093689613007553e-05
2420,0.0,9.208124446091367e-05
2421,0.0,8.99253577256895e-05
2422,0.0,3.802662522617128e-05
2423,0.0,4.19110746604386e-05
2424,0.0,7.885617160814223e-05
2425,0.0,7.28205985431666e-05
2426,0.0,7.334680948476181e-05
2427,0.0,4.6852835588317456e-05
2428,0.0,8.868901056506625e-05
2429,0.0,1.2380243563957689e-05
2430,0.0,6.7551936970008e-06
2431,0.0,5.5910894128190045e-06
2432,-0.005507274164665138,3.682489761758375e-06
2433,0.0,4.5855790959574015e-05
2434,0.0,6.568008544821608e-05
2435,0.0,6.870809994225951e-05
2436,0.0,7.315046273497687e-05
2437,0.0,3.118957457538188e-05
2438,0.0,4.7546781524596776e-05
2439,0.0,5.6254030409205285e-05
2440,0.0,3.654213458001578e-05
2441,0.0,7.082038375266633e-05
2442,0.0,7.389167381375436e-05
2443,0.0,2.663264075783653e-05
2444,0.0,1.478541713586187e-05
2445,0.0,1.7393489319731094e-05
2446,0.0,7.747213191254147e-06
2447,0.0,6.111322334787221e-06
2448,0.0,3.269998276372075e-05
2449,0.0,8.216347586601178e-05
2450,0.0,7.375614445938229e-05
2451,0.0,5.813228589599485e-05
2452,0.0,8.235750032243669e-05
2453,0.0,9.38279143898652e-05
2454,0.0,6.124986751469731e-05
2455,0.0,8.151511390615084e-05
2456,0.0,4.5532656825173614e-05
2457,0.0,3.927707812073176e-05
2458,0.0,3.162812688942811e-05
2459,0.0,3.6211577460895056e-05
2460,0.0,3.425698374377978e-05
2461,0.0,1.940251634012814e-05
2462,0.0,6.327434048243282e-05
2463,0.0,3.907037290672167e-05
2464,0.0,5.080758524501665e-06
2465,0.0,8.719208742908712e-05
2466,0.0,3.375328992371096e-05
2467,0.0,4.1474007070485144e-05
2468,0.0,9.791280590903504e-05
2469,0.0,8.031683563652876e-05
2470,0.0,5.020383030063973e-05
2471,0.0,6.112389605521025e-05
2472,0.0,1.3025288208306208e-05
2473,0.0,3.2136890154843775e-05
2474,0.0,2.364843562596528e-05
2475,0.0,2.0648391082031945e-05
2476,0.0,1.7622187549102196e-05
2477,0.0,3.4702419179172636e-05
2478,0.0,4.2875502782586654e-05
2479,0.0,4.437129287420468e-05
2480,0.0,9.50904082327655e-05
2481,0.0,9.638284804237843e-05
2482,0.0,1.2839772812712604e-05
2483,0.0,1.5431735313136292e-05
2484,0.0,3.594659455475363e-05
2485,0.0,2.7207119530765005e-05
2486,0.0,2.7850524955154612e-05
2487,0.0,7.1137537277365705e-06
2488,0.0,1.3296112505128665e-05
2489,0.0,1.4584668288175867e-05
2490,0.0,1.9308270697237407e-05
2491,0.0,3.683935087421055e-05
2492,0.0,4.066584273307947e-05
2493,0.0,4.103218453907305e-05
2494,0.0,2.3426185265523414e-05
2495,0.0,4.461139945893238e-05
2496,0.0,7.922814910797038e-06
2497,0.0,6.180869923392584e-05
2498,0.0,6.808772613526303e-05
2499,0.0,3.2738077202206586e-05
2500,0.0,6.892075717511869e-05
2501,0.0,4.590507747116272e-05
2502,0.0,3.8639318297000485e-05
2503,0.0,5.665463474129062e-05
2504,0.0,2.521441605047727e-05
2505,0.0,2.5178175239103497e-05
2506,0.0,2.4859155410100655e-05
2507,0.0,5.2276665879423334e-06
2508,0.0,4.468779261810015e-05
2509,0.0,3.7483754911163915e-05
2510,0.0,4.845918584122692e-05
2511,0.0,5.853110745570846e-05
2512,0.0,6.720820814686934e-05
2513,0.0,8.999198681035342e-05
2514,0.0,5.490390435257022e-05
2515,0.0,7.390156916762492e-05
2516,0.0,2.1491235771539253e-05
2517,0.0,9.227836049890213e-05
2518,0.0,7.100123202623672e-05
2519,0.0,6.713223559877532e-05
2520,0.0,1.0275385167475941e-05
2521,0.0,6.726814865393082e-05
2522,0.0,3.389769279607822e-05
2523,0.0,2.885790979612434e-05
2524,0.0,8.755336111539768e-05
2525,0.0,5.0133451037018785e-05
2526,0.0,6.658883663775131e-05
2527,0.0,5.5647628703408606e-05
2528,0.0,5.4426767554661394e-05
2529,0.0,5.047914960228259e-05
2530,0.0,7.658779003161938e-05
2531,0.0,1.161075262686018e-05
2532,0.0,9.551446194920436e-05
2533,0.0,5.139392862907203e-05
2534,0.0,8.621169125261631e-05
2535,0.0,4.1365678897084e-05
2536,0.0,4.9835135251390145e-05
2537,0.0,6.31641122064186e-05
2538,0.0,6.681812712625447e-05
2539,0.0,6.0478687479307775e-05
2540,0.0,2.5010116560102397e-05
2541,0.0,4.7970361049892596e-05
2542,0.0,8.737287040061461e-06
2543,0.0,6.612899902761512e-05
2544,0.0,6.214156837740367e-05
2545,0.0,5.69343461744324e-05
2546,0.0,3.208991144978366e-05
2547,-0.0009062509467259561,3.239746730528065e-06
2548,0.0,8.082312129007986e-05
